speaker_ID,sex,subset,length,origin_path
male25,M,train,35666,audio/newsqa-9123e824a768475c80af10519ce8a9b3-q-0.wav
male6,M,train,35666,audio/quac-C_4eb70ac453504815b1a0422105098435_0_q#2-q-0.wav
male27,M,train,38639,audio/newsqa-6f56ea95ebd744488e896091d4290ced-q-0.wav
male6,M,train,38639,audio/newsqa-fc8d267a54e44406be4694b53c039d46-q-0.wav
male25,M,train,40125,audio/quac-C_49df1a3d8a104ac18720c7e0be7a2aa3_1_q#3-c-3.wav
female18,F,train,40125,audio/quac-C_420bfcf5d8b344a480ac654f08ee55ad_1_q#4-c-6.wav
male25,M,train,46069,audio/quac-C_49df1a3d8a104ac18720c7e0be7a2aa3_1_q#3-c-4.wav
female19,F,train,47555,audio/newsqa-df15cc84e71f43bea87947373ea295f7-c-1.wav
male27,M,train,49041,audio/quac-C_cf6b66b77b1b4b06a5a5ced11a80d74f_1_q#0-q-0.wav
female18,F,train,49041,audio/quac-C_420bfcf5d8b344a480ac654f08ee55ad_1_q#4-c-8.wav
female19,F,train,49041,audio/quac-C_9433ab2573e94bd18be86cb89cff3d7b_0_q#2-q-0.wav
female19,F,train,49041,audio/quac-C_1951db25f6204288ab8deda833d0c6de_0_q#5-q-0.wav
female19,F,train,49041,audio/quac-C_7d5560b23977415f9b2fda38a973e3b6_0_q#9-q-0.wav
male6,M,train,50527,audio/newsqa-cfdf1a944a684ffd9889ec85b0d42568-q-0.wav
female18,F,train,50527,audio/quac-C_420bfcf5d8b344a480ac654f08ee55ad_1_q#4-c-9.wav
female18,F,train,50527,audio/quac-C_420bfcf5d8b344a480ac654f08ee55ad_1_q#4-c-7.wav
male27,M,train,52013,audio/squad-5ad035bd77cf76001a686e28-q-0.wav
male6,M,train,52013,audio/quac-C_58167e2e608c425bbb6d42b4b26f5419_0_q#5-q-0.wav
male23,M,train,52013,audio/quac-C_1873c4f81ac24c6980a3235172ccebab_1_q#1-c-1.wav
female18,F,train,52013,audio/quac-C_420bfcf5d8b344a480ac654f08ee55ad_1_q#4-c-11.wav
female19,F,train,52013,audio/quac-C_58167e2e608c425bbb6d42b4b26f5419_0_q#5-c-10.wav
male6,M,train,54985,audio/newsqa-c6f8209065f74ff08f87de51878ecd30-q-0.wav
male6,M,train,54985,audio/quac-C_a4a81e05163b4289a304a52b590518ae_1_q#0-q-0.wav
female18,F,train,54985,audio/newsqa-d89f4ec2cb1e470698eca82af380164b-c-4.wav
male25,M,train,56471,audio/newsqa-1f980f275f3e4d189dd30cdac19cb606-c-6.wav
male25,M,train,56471,audio/newsqa-098818043abd481d81a7543568e8b84f-q-0.wav
female18,F,train,56471,audio/quac-C_1873c4f81ac24c6980a3235172ccebab_1_q#1-q-0.wav
female18,F,train,56471,audio/quac-C_867b2cb2cb1a45f4ac34f6ba35cba82d_1_q#2-q-0.wav
male6,M,train,57958,audio/newsqa-eb07049dbdfa48799ac38ed74835bd48-q-0.wav
female21,F,train,57958,audio/newsqa-7c1f4b324243427298513f80ee95ef29-q-0.wav
male23,M,train,59444,audio/quac-C_8f1052a909924795a456beaa053ffe22_0_q#5-q-0.wav
male27,M,train,60930,audio/squad-571cd5b1dd7acb1400e4c17c-q-0.wav
male7,M,train,60930,audio/quac-C_5d024d0f9d5e431aa844c767ab6d26df_1_q#6-c-6.wav
male25,M,train,60930,audio/newsqa-777d572acbd449ba91d30972acb47380-q-0.wav
female18,F,train,60930,audio/quac-C_420bfcf5d8b344a480ac654f08ee55ad_1_q#4-c-3.wav
female19,F,train,60930,audio/quac-C_dde55c20816440b4a7ed746c8daf6694_0_q#4-q-0.wav
female3,F,train,60930,audio/newsqa-9a3ca112cb774986aca465c6d1a4c3fd-q-0.wav
male7,M,train,62416,audio/quac-C_de34e95206e144fa8217dc5cc93b7ce4_1_q#5-c-8.wav
male6,M,train,62416,audio/quac-C_c971a73b65594c458641689a033cfa99_1_q#1-q-0.wav
female18,F,train,63902,audio/quac-C_420bfcf5d8b344a480ac654f08ee55ad_1_q#4-c-12.wav
female19,F,train,63902,audio/newsqa-df15cc84e71f43bea87947373ea295f7-c-10.wav
female3,F,train,63902,audio/newsqa-ac73d205f26444cda42b27e1236e0ea7-q-0.wav
male27,M,train,65388,audio/newsqa-1f980f275f3e4d189dd30cdac19cb606-q-0.wav
male7,M,train,65388,audio/quac-C_de34e95206e144fa8217dc5cc93b7ce4_1_q#5-c-7.wav
male23,M,train,65388,audio/quac-C_1873c4f81ac24c6980a3235172ccebab_1_q#4-q-0.wav
female19,F,train,65388,audio/quac-C_7d9eebd9b0e548f08eb64cbdf717df35_1_q#2-q-0.wav
male23,M,train,66874,audio/newsqa-eca342d9385b476ab764d1f682cd9856-q-0.wav
female18,F,train,66874,audio/newsqa-b8cb097e71e147e4aff25c6d8696c2fd-c-3.wav
male27,M,train,68360,audio/newsqa-113f25f71ed1441a8ef2a438a8ebdace-q-0.wav
female22,F,train,68360,audio/squad-5ad4e4425b96ef001a10a573-c-1.wav
female26,F,train,68360,audio/quac-C_08e8c5f9b62b4fd195cf00093eddfc7f_1_q#4-c-6.wav
male27,M,train,69846,audio/squad-5726a46cdd62a815002e8bd0-q-0.wav
male25,M,train,69846,audio/quac-C_620311268a6e4b9b8b319ded5e244ccd_0_q#8-c-1.wav
male23,M,train,69846,audio/quac-C_1873c4f81ac24c6980a3235172ccebab_1_q#1-c-9.wav
male23,M,train,69846,audio/newsqa-e42c33611549472dbff11f936c19d9bc-c-2.wav
female18,F,train,69846,audio/quac-C_b82cebc289f04e378fc6a55461067aa4_1_q#3-q-0.wav
female21,F,train,69846,audio/quac-C_8812f60078f14c69a724af179e567d72_1_q#8-c-4.wav
male7,M,train,71332,audio/quac-C_5d024d0f9d5e431aa844c767ab6d26df_1_q#6-c-5.wav
male25,M,train,71332,audio/squad-5710e9f8a58dae1900cd6b32-q-0.wav
male6,M,train,71332,audio/quac-C_79bb476dc46e40809b03d2a959d03a8b_1_q#6-q-0.wav
male23,M,train,72818,audio/newsqa-ea88af50e3ea4794bb3db16440bdfd07-q-0.wav
female19,F,train,72818,audio/newsqa-df15cc84e71f43bea87947373ea295f7-c-11.wav
female19,F,train,72818,audio/newsqa-df15cc84e71f43bea87947373ea295f7-c-7.wav
male27,M,train,74304,audio/newsqa-884d37f5b51e4ffb9dc929d0296baf72-c-7.wav
male7,M,train,74304,audio/newsqa-ee47a2198301458f92ef4055a304382f-q-0.wav
male6,M,train,74304,audio/squad-571c3e8cdd7acb1400e4c0a6-q-0.wav
male23,M,train,74304,audio/newsqa-0f36c8a2974b4b90965f8efe8e2b4aa9-q-0.wav
female3,F,train,74304,audio/newsqa-ab8bfa3c577442e3ae402a103624c051-q-0.wav
male25,M,train,75790,audio/quac-C_49df1a3d8a104ac18720c7e0be7a2aa3_1_q#3-c-5.wav
female18,F,train,75790,audio/quac-C_8ee764c07d4c4eb590a5b03449a0d771_1_q#8-q-0.wav
female18,F,train,75790,audio/newsqa-b8cb097e71e147e4aff25c6d8696c2fd-c-10.wav
female22,F,train,75790,audio/squad-572815d9ff5b5019007d9cbe-c-1.wav
male25,M,train,77277,audio/newsqa-1f980f275f3e4d189dd30cdac19cb606-c-8.wav
female18,F,train,77277,audio/newsqa-d89f4ec2cb1e470698eca82af380164b-c-8.wav
female18,F,train,77277,audio/squad-572ff07304bcaa1900d76ef9-c-0.wav
female18,F,train,77277,audio/squad-5a6cb5c14eec6b001a80a628-q-0.wav
female22,F,train,77277,audio/quac-C_7caba58103d44db9a549c63600159c75_1_q#6-c-7.wav
male27,M,train,78763,audio/squad-57264f18f1498d1400e8dbb2-q-0.wav
male7,M,train,78763,audio/quac-C_de34e95206e144fa8217dc5cc93b7ce4_1_q#5-c-6.wav
male7,M,train,78763,audio/squad-572885c44b864d1900164a7b-q-0.wav
female18,F,train,78763,audio/newsqa-b8cb097e71e147e4aff25c6d8696c2fd-c-8.wav
female18,F,train,78763,audio/quac-C_420bfcf5d8b344a480ac654f08ee55ad_1_q#4-c-15.wav
female22,F,train,78763,audio/quac-C_b82cebc289f04e378fc6a55461067aa4_1_q#4-c-6.wav
female22,F,train,78763,audio/newsqa-2d5d781dd4a2462586b948584ea07bb4-c-6.wav
male7,M,train,80249,audio/newsqa-83e87b22ffd243b2a96357c9d336ccd2-q-0.wav
female26,F,train,80249,audio/quac-C_b1e2c87931eb453695233025c69ea4c1_0_q#5-c-4.wav
female19,F,train,80249,audio/newsqa-df15cc84e71f43bea87947373ea295f7-c-9.wav
female3,F,train,80249,audio/newsqa-b8cb097e71e147e4aff25c6d8696c2fd-q-0.wav
male27,M,train,81735,audio/squad-5706094b52bb8914006897df-c-0.wav
male27,M,train,83221,audio/newsqa-884d37f5b51e4ffb9dc929d0296baf72-c-4.wav
male7,M,train,83221,audio/squad-5a820ebf31013a001a33516c-q-0.wav
male1,M,train,84707,audio/newsqa-9b29e3a8f01849f381fe2a2d552967a4-q-0.wav
female18,F,train,84707,audio/squad-5ad25553d7d075001a428d36-q-0.wav
female18,F,train,84707,audio/quac-C_420bfcf5d8b344a480ac654f08ee55ad_1_q#4-c-5.wav
female18,F,train,84707,audio/newsqa-b8cb097e71e147e4aff25c6d8696c2fd-c-7.wav
male25,M,train,86193,audio/quac-C_49df1a3d8a104ac18720c7e0be7a2aa3_1_q#3-c-7.wav
male23,M,train,86193,audio/newsqa-9a460baac9624873b82ce0f9704169f7-c-2.wav
female22,F,train,86193,audio/newsqa-2d5d781dd4a2462586b948584ea07bb4-c-2.wav
female18,F,train,87679,audio/quac-C_420bfcf5d8b344a480ac654f08ee55ad_1_q#4-c-4.wav
female21,F,train,87679,audio/squad-5ad4a110ba00c4001a268e61-c-3.wav
female19,F,train,87679,audio/quac-C_d164bbd963654c10a11cdc41c19a9a4a_0_q#0-c-9.wav
female3,F,train,87679,audio/squad-5ad40bd9604f3c001a400037-c-1.wav
male25,M,train,89165,audio/squad-5ad15d77645df0001a2d18c1-q-0.wav
female18,F,train,89165,audio/quac-C_8f1052a909924795a456beaa053ffe22_0_q#6-q-0.wav
male23,M,train,90651,audio/squad-572998673f37b319004784d5-c-1.wav
female18,F,train,90651,audio/quac-C_420bfcf5d8b344a480ac654f08ee55ad_1_q#4-c-14.wav
male23,M,train,93623,audio/newsqa-9a460baac9624873b82ce0f9704169f7-c-3.wav
female30,F,train,93623,audio/quac-C_2c9aeb60169c4d519cea286706fac57a_1_q#4-c-8.wav
male7,M,train,95109,audio/squad-571cac5d5efbb31900334dd1-q-0.wav
male23,M,train,95109,audio/newsqa-e42c33611549472dbff11f936c19d9bc-c-9.wav
male23,M,train,95109,audio/newsqa-e42c33611549472dbff11f936c19d9bc-c-1.wav
male25,M,train,96596,audio/newsqa-1f980f275f3e4d189dd30cdac19cb606-c-3.wav
female18,F,train,96596,audio/newsqa-d89f4ec2cb1e470698eca82af380164b-c-9.wav
female22,F,train,96596,audio/squad-572815d9ff5b5019007d9cbe-c-3.wav
male7,M,train,98082,audio/newsqa-7b2099aaf747479cb54780e81e48e85f-c-12.wav
male25,M,train,98082,audio/quac-C_49df1a3d8a104ac18720c7e0be7a2aa3_1_q#3-c-8.wav
male6,M,train,98082,audio/quac-C_761e993c8658494bba469dce01fd7b15_0_q#1-c-3.wav
male27,M,train,99568,audio/squad-5a893ce63b2508001a72a555-q-0.wav
male25,M,train,99568,audio/quac-C_620311268a6e4b9b8b319ded5e244ccd_0_q#8-c-7.wav
female30,F,train,99568,audio/squad-5a8929e43b2508001a72a4db-c-5.wav
male23,M,train,101054,audio/squad-5ad4a110ba00c4001a268e61-q-0.wav
female18,F,train,101054,audio/newsqa-b8cb097e71e147e4aff25c6d8696c2fd-c-1.wav
male27,M,train,102540,audio/newsqa-884d37f5b51e4ffb9dc929d0296baf72-c-8.wav
male6,M,train,102540,audio/quac-C_761e993c8658494bba469dce01fd7b15_0_q#1-c-7.wav
male1,M,train,102540,audio/newsqa-a07f1726c6c94f0fa43dd3e391d716f6-q-0.wav
male14,M,train,102540,audio/quac-C_412561c18bb14ad4a7fe4cd6fd09d0ed_0_q#2-q-0.wav
male25,M,train,104026,audio/quac-C_49df1a3d8a104ac18720c7e0be7a2aa3_1_q#3-c-11.wav
male23,M,train,104026,audio/newsqa-9a460baac9624873b82ce0f9704169f7-c-5.wav
male1,M,train,104026,audio/quac-C_af4639429ba041c6ad87b6596cfdd78b_1_q#4-c-7.wav
female18,F,train,104026,audio/quac-C_420bfcf5d8b344a480ac654f08ee55ad_1_q#4-c-16.wav
female18,F,train,104026,audio/newsqa-b8cb097e71e147e4aff25c6d8696c2fd-c-2.wav
female22,F,train,104026,audio/squad-5ad4e4425b96ef001a10a573-c-2.wav
female26,F,train,104026,audio/squad-5ad3ad60604f3c001a3fec05-q-0.wav
male7,M,train,105512,audio/squad-572a10cd6aef051400155222-q-0.wav
male25,M,train,105512,audio/quac-C_620311268a6e4b9b8b319ded5e244ccd_0_q#8-c-9.wav
male6,M,train,105512,audio/newsqa-eb1874892fb548df93b1a1a61cb72b3b-c-2.wav
male23,M,train,105512,audio/squad-5705eee952bb8914006896e2-q-0.wav
male10,M,train,105512,audio/newsqa-9a9bcffc832b45fdb21e89b6939d695b-q-0.wav
female18,F,train,105512,audio/squad-5ad27081d7d075001a429454-q-0.wav
female18,F,train,105512,audio/quac-C_420bfcf5d8b344a480ac654f08ee55ad_1_q#4-c-10.wav
female19,F,train,105512,audio/quac-C_d164bbd963654c10a11cdc41c19a9a4a_0_q#0-c-4.wav
female3,F,train,105512,audio/quac-C_7d5560b23977415f9b2fda38a973e3b6_0_q#0-c-4.wav
male23,M,train,106998,audio/quac-C_1873c4f81ac24c6980a3235172ccebab_1_q#1-c-13.wav
male10,M,train,106998,audio/quac-C_0f0d62f07a4e4f50988b7f9a8d40c038_0_q#1-q-0.wav
female30,F,train,106998,audio/quac-C_2c9aeb60169c4d519cea286706fac57a_1_q#4-c-12.wav
female18,F,train,106998,audio/quac-C_420bfcf5d8b344a480ac654f08ee55ad_1_q#4-c-1.wav
male7,M,train,108484,audio/quac-C_de34e95206e144fa8217dc5cc93b7ce4_1_q#5-c-10.wav
male23,M,train,108484,audio/squad-5ad3ea77604f3c001a3ff6df-q-0.wav
male23,M,train,108484,audio/quac-C_1873c4f81ac24c6980a3235172ccebab_1_q#1-c-5.wav
male27,M,train,109970,audio/newsqa-13d12f86109c440ea04d2db998fdcaa5-c-5.wav
male25,M,train,109970,audio/newsqa-1f980f275f3e4d189dd30cdac19cb606-c-1.wav
male25,M,train,109970,audio/newsqa-1f980f275f3e4d189dd30cdac19cb606-c-7.wav
female18,F,train,109970,audio/newsqa-b8cb097e71e147e4aff25c6d8696c2fd-c-11.wav
female18,F,train,109970,audio/quac-C_420bfcf5d8b344a480ac654f08ee55ad_1_q#4-c-2.wav
female22,F,train,109970,audio/squad-5ad4e4425b96ef001a10a573-c-0.wav
male23,M,train,111456,audio/quac-C_1873c4f81ac24c6980a3235172ccebab_1_q#1-c-11.wav
male14,M,train,111456,audio/quac-C_412561c18bb14ad4a7fe4cd6fd09d0ed_0_q#0-q-0.wav
female30,F,train,111456,audio/quac-C_2c9aeb60169c4d519cea286706fac57a_1_q#4-c-6.wav
female18,F,train,111456,audio/squad-5a2c36c4bfd06b001a5aea68-c-0.wav
male7,M,train,112942,audio/quac-C_de34e95206e144fa8217dc5cc93b7ce4_1_q#5-c-5.wav
male6,M,train,112942,audio/quac-C_761e993c8658494bba469dce01fd7b15_0_q#1-c-5.wav
male23,M,train,112942,audio/newsqa-e42c33611549472dbff11f936c19d9bc-c-7.wav
male1,M,train,112942,audio/quac-C_af4639429ba041c6ad87b6596cfdd78b_1_q#4-c-6.wav
female18,F,train,112942,audio/squad-572ff07304bcaa1900d76ef9-c-3.wav
female19,F,train,112942,audio/newsqa-df15cc84e71f43bea87947373ea295f7-c-8.wav
male27,M,train,114428,audio/squad-5706094b52bb8914006897df-c-2.wav
male7,M,train,114428,audio/squad-5a591f773e1742001a15cfa5-q-0.wav
male25,M,train,114428,audio/newsqa-1f980f275f3e4d189dd30cdac19cb606-c-5.wav
female19,F,train,114428,audio/squad-5725bbec271a42140099d0d2-q-0.wav
male10,M,train,115915,audio/newsqa-e6a5589305cb42508ea8f517352f5da1-q-0.wav
female30,F,train,115915,audio/squad-5ad40af0604f3c001a3fffdf-c-5.wav
female18,F,train,115915,audio/newsqa-b8cb097e71e147e4aff25c6d8696c2fd-c-4.wav
female22,F,train,115915,audio/quac-C_b82cebc289f04e378fc6a55461067aa4_1_q#4-c-11.wav
male14,M,train,117401,audio/squad-5ad4b0f25b96ef001a109dbe-q-0.wav
female30,F,train,117401,audio/squad-5ad40af0604f3c001a3fffdf-c-2.wav
female30,F,train,117401,audio/quac-C_2c9aeb60169c4d519cea286706fac57a_1_q#4-c-4.wav
female26,F,train,117401,audio/squad-5ad258f3d7d075001a428de6-c-1.wav
female19,F,train,117401,audio/squad-572998673f37b319004784d5-q-0.wav
male10,M,train,118887,audio/quac-C_004c14b6267243c39f204d73fbdc073f_0_q#6-q-0.wav
male14,M,train,118887,audio/quac-C_2d2ac28a31d340be94d43f908df1d65e_0_q#5-q-0.wav
female21,F,train,118887,audio/quac-C_8812f60078f14c69a724af179e567d72_1_q#8-c-0.wav
female21,F,train,118887,audio/quac-C_8812f60078f14c69a724af179e567d72_1_q#8-c-13.wav
female19,F,train,118887,audio/squad-5706094b52bb8914006897df-q-0.wav
male7,M,train,120373,audio/quac-C_9706cca4d6c2400d91881bd7783b53ea_1_q#2-c-1.wav
male23,M,train,120373,audio/newsqa-9a460baac9624873b82ce0f9704169f7-c-4.wav
female19,F,train,120373,audio/newsqa-df15cc84e71f43bea87947373ea295f7-c-6.wav
male6,M,train,121859,audio/newsqa-eb1874892fb548df93b1a1a61cb72b3b-c-3.wav
male10,M,train,121859,audio/quac-C_9eeb108353bb49ce979844fb47b36ead_0_q#2-c-9.wav
female21,F,train,121859,audio/newsqa-26673ca429bc4379a567fe5c5b4f28f4-q-0.wav
female26,F,train,121859,audio/squad-5ad28861d7d075001a429941-c-4.wav
female19,F,train,121859,audio/quac-C_d164bbd963654c10a11cdc41c19a9a4a_0_q#0-c-1.wav
male27,M,train,123345,audio/quac-C_850d3bec308b443a818eb036ac01589b_0_q#6-c-6.wav
male1,M,train,123345,audio/quac-C_af4639429ba041c6ad87b6596cfdd78b_1_q#4-c-4.wav
male14,M,train,123345,audio/quac-C_0ea3e45f2459444f9fef9f7ab04d8f8e_0_q#4-q-0.wav
female18,F,train,123345,audio/quac-C_420bfcf5d8b344a480ac654f08ee55ad_1_q#4-c-17.wav
male10,M,train,124831,audio/quac-C_bf065917828540f08878cc7d06719937_1_q#9-q-0.wav
male1,M,train,124831,audio/quac-C_08e8c5f9b62b4fd195cf00093eddfc7f_1_q#4-q-0.wav
male14,M,train,124831,audio/quac-C_6c922ff8e4a340d9bf2b85558179fdde_0_q#0-c-0.wav
female22,F,train,124831,audio/quac-C_b82cebc289f04e378fc6a55461067aa4_1_q#4-c-9.wav
female22,F,train,124831,audio/squad-572815d9ff5b5019007d9cbe-c-4.wav
female3,F,train,126317,audio/newsqa-f1bb199e517a432999c0465807f26f3b-q-0.wav
male10,M,train,127803,audio/squad-5ad24e50d7d075001a428c3c-q-0.wav
male14,M,train,127803,audio/newsqa-26931f25adde4af7a85e4a29d541d1dc-c-1.wav
female18,F,train,127803,audio/quac-C_420bfcf5d8b344a480ac654f08ee55ad_1_q#4-c-13.wav
female19,F,train,127803,audio/quac-C_58167e2e608c425bbb6d42b4b26f5419_0_q#5-c-9.wav
male1,M,train,129289,audio/squad-5acfea4977cf76001a686476-c-4.wav
male14,M,train,129289,audio/squad-5ad4a682ba00c4001a268eca-q-0.wav
male27,M,train,130775,audio/squad-5706094b52bb8914006897df-c-3.wav
male25,M,train,130775,audio/newsqa-1f980f275f3e4d189dd30cdac19cb606-c-4.wav
female21,F,train,130775,audio/squad-5ad4a110ba00c4001a268e61-c-5.wav
female19,F,train,130775,audio/quac-C_58167e2e608c425bbb6d42b4b26f5419_0_q#5-c-0.wav
male27,M,train,132261,audio/quac-C_850d3bec308b443a818eb036ac01589b_0_q#6-c-5.wav
male27,M,train,132261,audio/squad-5706094b52bb8914006897df-c-4.wav
male25,M,train,132261,audio/quac-C_620311268a6e4b9b8b319ded5e244ccd_0_q#8-c-6.wav
female30,F,train,132261,audio/squad-5acf7dcf77cf76001a684f7c-q-0.wav
female21,F,train,132261,audio/newsqa-3fb921ef3b3846dab688d3f16f2986da-q-0.wav
male25,M,train,133747,audio/quac-C_620311268a6e4b9b8b319ded5e244ccd_0_q#8-c-4.wav
male6,M,train,133747,audio/newsqa-eb1874892fb548df93b1a1a61cb72b3b-c-4.wav
male1,M,train,133747,audio/quac-C_af4639429ba041c6ad87b6596cfdd78b_1_q#4-c-3.wav
male14,M,train,133747,audio/quac-C_f3296ffccc0141288e93452f8a063aff_1_q#2-q-0.wav
female18,F,train,133747,audio/squad-5ad3a16d604f3c001a3fe9e3-q-0.wav
female22,F,train,133747,audio/squad-572815d9ff5b5019007d9cbe-c-5.wav
female19,F,train,133747,audio/quac-C_d164bbd963654c10a11cdc41c19a9a4a_0_q#0-c-6.wav
female19,F,train,133747,audio/squad-5726db5add62a815002e92d4-q-0.wav
male25,M,train,135234,audio/squad-572ff86004bcaa1900d76f66-c-3.wav
male1,M,train,135234,audio/quac-C_af4639429ba041c6ad87b6596cfdd78b_1_q#4-c-13.wav
female30,F,train,135234,audio/quac-C_25aefa033eb6467eaa1387cbee0e692b_1_q#3-c-4.wav
female18,F,train,135234,audio/squad-572ff07304bcaa1900d76ef9-c-2.wav
female21,F,train,135234,audio/quac-C_8812f60078f14c69a724af179e567d72_1_q#8-c-7.wav
female21,F,train,135234,audio/quac-C_3e7c4d0e33504faeb7704c042414bc79_0_q#5-c-5.wav
female3,F,train,135234,audio/quac-C_7d5560b23977415f9b2fda38a973e3b6_0_q#0-c-7.wav
male14,M,train,136720,audio/quac-C_c1573866a99f4b9393fe2b9f9f4ac94b_0_q#1-q-0.wav
male10,M,train,138206,audio/quac-C_2d2ac28a31d340be94d43f908df1d65e_0_q#5-c-10.wav
male14,M,train,138206,audio/squad-571155ae2419e31400955592-c-0.wav
female19,F,train,138206,audio/quac-C_d164bbd963654c10a11cdc41c19a9a4a_0_q#0-c-5.wav
male23,M,train,139692,audio/newsqa-e42c33611549472dbff11f936c19d9bc-c-6.wav
male23,M,train,139692,audio/squad-572998673f37b319004784d5-c-0.wav
male10,M,train,139692,audio/quac-C_2d2ac28a31d340be94d43f908df1d65e_0_q#5-c-11.wav
female22,F,train,139692,audio/quac-C_7caba58103d44db9a549c63600159c75_1_q#6-c-5.wav
male1,M,train,141178,audio/quac-C_af4639429ba041c6ad87b6596cfdd78b_1_q#4-c-5.wav
female30,F,train,141178,audio/squad-5a8929e43b2508001a72a4db-c-0.wav
male7,M,train,142664,audio/quac-C_de34e95206e144fa8217dc5cc93b7ce4_1_q#5-c-14.wav
male23,M,train,142664,audio/quac-C_1873c4f81ac24c6980a3235172ccebab_1_q#1-c-17.wav
male14,M,train,142664,audio/squad-5ad4e3a15b96ef001a10a562-q-0.wav
female10,F,train,142664,audio/newsqa-ad44ffd4bd464471885feded78229801-q-0.wav
female10,F,train,142664,audio/quac-C_9648f70b45b94e1ab56eb171bed094c9_0_q#2-q-0.wav
female30,F,train,142664,audio/quac-C_2c9aeb60169c4d519cea286706fac57a_1_q#4-c-2.wav
female19,F,train,142664,audio/newsqa-df15cc84e71f43bea87947373ea295f7-c-4.wav
female19,F,train,142664,audio/quac-C_d164bbd963654c10a11cdc41c19a9a4a_0_q#0-c-11.wav
male27,M,train,144150,audio/newsqa-13d12f86109c440ea04d2db998fdcaa5-c-0.wav
male10,M,train,144150,audio/quac-C_9eeb108353bb49ce979844fb47b36ead_0_q#2-c-3.wav
female22,F,train,144150,audio/squad-5ad4e4425b96ef001a10a573-c-3.wav
female18,F,train,145636,audio/newsqa-b8cb097e71e147e4aff25c6d8696c2fd-c-9.wav
female19,F,train,145636,audio/squad-5ad5344b5b96ef001a10ab88-c-2.wav
male25,M,train,147122,audio/newsqa-1f980f275f3e4d189dd30cdac19cb606-c-0.wav
female21,F,train,147122,audio/quac-C_8812f60078f14c69a724af179e567d72_1_q#8-c-2.wav
female30,F,train,148608,audio/quac-C_25aefa033eb6467eaa1387cbee0e692b_1_q#3-c-3.wav
female19,F,train,148608,audio/squad-5ad26235d7d075001a429083-c-3.wav
male7,M,train,150094,audio/squad-5ad0421177cf76001a686f15-c-1.wav
female30,F,train,150094,audio/quac-C_25aefa033eb6467eaa1387cbee0e692b_1_q#3-c-7.wav
male7,M,train,151580,audio/quac-C_de34e95206e144fa8217dc5cc93b7ce4_1_q#5-c-2.wav
male23,M,train,151580,audio/squad-572998673f37b319004784d5-c-6.wav
male1,M,train,153066,audio/quac-C_af4639429ba041c6ad87b6596cfdd78b_1_q#4-c-12.wav
female10,F,train,153066,audio/quac-C_fbba4aff8f834cc3b9d6ff1768f217a7_0_q#3-q-0.wav
female30,F,train,153066,audio/squad-5ad40af0604f3c001a3fffdf-c-7.wav
female30,F,train,153066,audio/quac-C_2c9aeb60169c4d519cea286706fac57a_1_q#4-c-13.wav
female19,F,train,153066,audio/quac-C_d164bbd963654c10a11cdc41c19a9a4a_0_q#0-c-2.wav
female3,F,train,153066,audio/squad-5ad40bd9604f3c001a400037-c-0.wav
male25,M,train,154553,audio/quac-C_620311268a6e4b9b8b319ded5e244ccd_0_q#8-c-2.wav
male25,M,train,154553,audio/quac-C_49df1a3d8a104ac18720c7e0be7a2aa3_1_q#3-c-0.wav
male23,M,train,154553,audio/quac-C_1873c4f81ac24c6980a3235172ccebab_1_q#1-c-15.wav
male10,M,train,154553,audio/quac-C_2d2ac28a31d340be94d43f908df1d65e_0_q#5-c-13.wav
male14,M,train,154553,audio/newsqa-724d1ee848b044efabde67e05466bf4e-c-6.wav
female10,F,train,154553,audio/quac-C_7d5560b23977415f9b2fda38a973e3b6_0_q#9-c-14.wav
female30,F,train,154553,audio/squad-5ad40af0604f3c001a3fffdf-c-0.wav
female18,F,train,154553,audio/newsqa-b8cb097e71e147e4aff25c6d8696c2fd-c-6.wav
female22,F,train,154553,audio/quac-C_7caba58103d44db9a549c63600159c75_1_q#6-c-3.wav
male27,M,train,156039,audio/quac-C_850d3bec308b443a818eb036ac01589b_0_q#6-c-2.wav
male7,M,train,156039,audio/squad-5ad0421177cf76001a686f15-c-0.wav
male6,M,train,156039,audio/squad-572a10cd6aef051400155222-c-7.wav
male10,M,train,156039,audio/quac-C_2d2ac28a31d340be94d43f908df1d65e_0_q#5-c-3.wav
male10,M,train,156039,audio/squad-56de49564396321400ee277a-c-1.wav
male1,M,train,156039,audio/quac-C_af4639429ba041c6ad87b6596cfdd78b_1_q#4-c-10.wav
female10,F,train,156039,audio/quac-C_7d5560b23977415f9b2fda38a973e3b6_0_q#9-c-3.wav
female21,F,train,156039,audio/newsqa-8d89597279124ba2ba3c25978be42ebc-c-7.wav
female22,F,train,156039,audio/quac-C_b82cebc289f04e378fc6a55461067aa4_1_q#4-c-12.wav
female3,F,train,156039,audio/quac-C_0b63ef593dd04e27997b22d2c4496eae_0_q#4-c-6.wav
male27,M,train,157525,audio/quac-C_850d3bec308b443a818eb036ac01589b_0_q#6-c-0.wav
male23,M,train,157525,audio/newsqa-e42c33611549472dbff11f936c19d9bc-c-5.wav
male10,M,train,157525,audio/squad-5ad4b0f25b96ef001a109dbe-c-1.wav
male1,M,train,157525,audio/squad-5ad2b882d7d075001a42a042-c-0.wav
male14,M,train,157525,audio/quac-C_0a189c86d79e42a5b87402ee6294542d_0_q#5-q-0.wav
male7,M,train,159011,audio/squad-5ad3a266604f3c001a3fea29-c-0.wav
male25,M,train,159011,audio/quac-C_620311268a6e4b9b8b319ded5e244ccd_0_q#8-c-3.wav
female30,F,train,159011,audio/quac-C_2c9aeb60169c4d519cea286706fac57a_1_q#4-c-1.wav
female21,F,train,159011,audio/squad-5ad4a110ba00c4001a268e61-c-2.wav
female22,F,train,159011,audio/quac-C_b82cebc289f04e378fc6a55461067aa4_1_q#4-c-2.wav
female22,F,train,159011,audio/quac-C_b82cebc289f04e378fc6a55461067aa4_1_q#4-c-0.wav
female19,F,train,159011,audio/squad-5ad5344b5b96ef001a10ab88-c-0.wav
female19,F,train,159011,audio/quac-C_d164bbd963654c10a11cdc41c19a9a4a_0_q#0-c-0.wav
male7,M,train,160497,audio/quac-C_de34e95206e144fa8217dc5cc93b7ce4_1_q#5-c-4.wav
female30,F,train,160497,audio/quac-C_25aefa033eb6467eaa1387cbee0e692b_1_q#3-c-9.wav
male27,M,train,161983,audio/newsqa-884d37f5b51e4ffb9dc929d0296baf72-c-5.wav
male25,M,train,161983,audio/squad-572ff86004bcaa1900d76f66-c-4.wav
male14,M,train,161983,audio/newsqa-d5a8296d1d6c4c2591ee445ec0a3de72-c-1.wav
female30,F,train,161983,audio/quac-C_25aefa033eb6467eaa1387cbee0e692b_1_q#3-c-12.wav
female21,F,train,161983,audio/squad-5ad4a110ba00c4001a268e61-c-1.wav
male27,M,train,163469,audio/newsqa-884d37f5b51e4ffb9dc929d0296baf72-c-2.wav
female22,F,train,163469,audio/squad-572815d9ff5b5019007d9cbe-c-0.wav
female22,F,train,163469,audio/newsqa-2d5d781dd4a2462586b948584ea07bb4-c-4.wav
male7,M,train,164955,audio/quac-C_de34e95206e144fa8217dc5cc93b7ce4_1_q#5-c-11.wav
male25,M,train,164955,audio/quac-C_49df1a3d8a104ac18720c7e0be7a2aa3_1_q#3-c-10.wav
male14,M,train,164955,audio/squad-5acfea4977cf76001a686476-q-0.wav
female30,F,train,164955,audio/quac-C_2c9aeb60169c4d519cea286706fac57a_1_q#4-c-9.wav
female18,F,train,164955,audio/squad-5a2c36c4bfd06b001a5aea68-c-4.wav
female22,F,train,164955,audio/squad-572815d9ff5b5019007d9cbe-c-6.wav
female26,F,train,164955,audio/squad-5ad258f3d7d075001a428de6-c-5.wav
female10,F,train,166441,audio/quac-C_c971a73b65594c458641689a033cfa99_1_q#1-c-0.wav
female10,F,train,166441,audio/squad-5a0c99fcf5590b0018dab4a4-c-3.wav
male27,M,train,167927,audio/quac-C_850d3bec308b443a818eb036ac01589b_0_q#6-c-7.wav
male6,M,train,167927,audio/squad-572a10cd6aef051400155222-c-6.wav
male6,M,train,167927,audio/quac-C_761e993c8658494bba469dce01fd7b15_0_q#1-c-1.wav
male10,M,train,167927,audio/quac-C_2d2ac28a31d340be94d43f908df1d65e_0_q#5-c-8.wav
male1,M,train,167927,audio/quac-C_af4639429ba041c6ad87b6596cfdd78b_1_q#4-c-9.wav
male14,M,train,167927,audio/newsqa-26931f25adde4af7a85e4a29d541d1dc-c-9.wav
female30,F,train,167927,audio/quac-C_2c9aeb60169c4d519cea286706fac57a_1_q#4-c-7.wav
female22,F,train,167927,audio/squad-572815d9ff5b5019007d9cbe-c-2.wav
female19,F,train,167927,audio/quac-C_d164bbd963654c10a11cdc41c19a9a4a_0_q#0-c-3.wav
male27,M,train,169413,audio/quac-C_850d3bec308b443a818eb036ac01589b_0_q#6-c-8.wav
male7,M,train,169413,audio/quac-C_de34e95206e144fa8217dc5cc93b7ce4_1_q#5-c-13.wav
male14,M,train,169413,audio/quac-C_7bf9ed8984cb43c0951d1b47716b99f5_1_q#1-q-0.wav
female26,F,train,169413,audio/squad-5ad28861d7d075001a429941-c-3.wav
male10,M,train,170899,audio/quac-C_2d2ac28a31d340be94d43f908df1d65e_0_q#5-c-1.wav
female30,F,train,170899,audio/squad-5a8929e43b2508001a72a4db-c-4.wav
female21,F,train,170899,audio/quac-C_8812f60078f14c69a724af179e567d72_1_q#8-c-10.wav
female3,F,train,170899,audio/squad-5ad40bd9604f3c001a400037-c-4.wav
female10,F,train,172385,audio/squad-5a0c99fcf5590b0018dab4a4-c-4.wav
female30,F,train,172385,audio/newsqa-69f53a29d3424a91ba9ff4fc4cb0d7a0-c-0.wav
female3,F,train,172385,audio/squad-5ad40bd9604f3c001a400037-c-2.wav
male7,M,train,173872,audio/quac-C_de34e95206e144fa8217dc5cc93b7ce4_1_q#5-c-9.wav
male10,M,train,173872,audio/quac-C_9eeb108353bb49ce979844fb47b36ead_0_q#2-c-6.wav
female19,F,train,173872,audio/squad-5ad26235d7d075001a429083-c-2.wav
female21,F,train,175358,audio/quac-C_8812f60078f14c69a724af179e567d72_1_q#8-c-9.wav
female26,F,train,175358,audio/quac-C_b1e2c87931eb453695233025c69ea4c1_0_q#5-c-5.wav
male14,M,train,176844,audio/squad-571155ae2419e31400955592-c-3.wav
male14,M,train,176844,audio/quac-C_6c922ff8e4a340d9bf2b85558179fdde_0_q#0-c-8.wav
male14,M,train,176844,audio/squad-571155ae2419e31400955592-c-5.wav
female30,F,train,176844,audio/quac-C_2c9aeb60169c4d519cea286706fac57a_1_q#4-c-11.wav
female30,F,train,176844,audio/squad-5ad40af0604f3c001a3fffdf-c-1.wav
female30,F,train,176844,audio/squad-5ad40af0604f3c001a3fffdf-c-3.wav
male27,M,train,178330,audio/quac-C_850d3bec308b443a818eb036ac01589b_0_q#6-c-9.wav
female18,F,train,178330,audio/newsqa-b8cb097e71e147e4aff25c6d8696c2fd-c-5.wav
female26,F,train,178330,audio/quac-C_08e8c5f9b62b4fd195cf00093eddfc7f_1_q#4-c-1.wav
female26,F,train,178330,audio/squad-5ad258f3d7d075001a428de6-c-0.wav
male25,M,train,179816,audio/quac-C_620311268a6e4b9b8b319ded5e244ccd_0_q#8-c-5.wav
male1,M,train,179816,audio/squad-5acfea4977cf76001a686476-c-3.wav
female18,F,train,179816,audio/squad-5a2c36c4bfd06b001a5aea68-c-1.wav
female26,F,train,179816,audio/quac-C_08e8c5f9b62b4fd195cf00093eddfc7f_1_q#4-c-9.wav
female19,F,train,179816,audio/quac-C_d164bbd963654c10a11cdc41c19a9a4a_0_q#0-c-8.wav
male23,M,train,181302,audio/newsqa-9a460baac9624873b82ce0f9704169f7-c-6.wav
male1,M,train,181302,audio/quac-C_af4639429ba041c6ad87b6596cfdd78b_1_q#4-c-1.wav
female19,F,train,181302,audio/quac-C_d164bbd963654c10a11cdc41c19a9a4a_0_q#0-c-10.wav
female19,F,train,181302,audio/squad-5ad26235d7d075001a429083-c-0.wav
male23,M,train,182788,audio/newsqa-e42c33611549472dbff11f936c19d9bc-c-0.wav
female10,F,train,182788,audio/newsqa-985fb880e6f4465695fb75f4361c2c68-q-0.wav
female19,F,train,182788,audio/quac-C_d164bbd963654c10a11cdc41c19a9a4a_0_q#0-c-7.wav
female3,F,train,182788,audio/quac-C_0b63ef593dd04e27997b22d2c4496eae_0_q#4-c-2.wav
female18,F,train,184274,audio/squad-5a2c36c4bfd06b001a5aea68-c-3.wav
male27,M,train,185760,audio/squad-5706094b52bb8914006897df-c-1.wav
male6,M,train,185760,audio/squad-5ad2424cd7d075001a42898c-c-2.wav
male23,M,train,185760,audio/newsqa-e42c33611549472dbff11f936c19d9bc-c-3.wav
male23,M,train,185760,audio/newsqa-9a460baac9624873b82ce0f9704169f7-c-0.wav
male1,M,train,185760,audio/squad-57337ddc4776f41900660bbe-c-0.wav
female30,F,train,185760,audio/quac-C_25aefa033eb6467eaa1387cbee0e692b_1_q#3-c-6.wav
female19,F,train,185760,audio/quac-C_d164bbd963654c10a11cdc41c19a9a4a_0_q#0-c-12.wav
female30,F,train,187246,audio/quac-C_25aefa033eb6467eaa1387cbee0e692b_1_q#3-c-10.wav
female21,F,train,187246,audio/squad-5710e9f8a58dae1900cd6b32-c-1.wav
male25,M,train,188732,audio/quac-C_49df1a3d8a104ac18720c7e0be7a2aa3_1_q#3-c-1.wav
male6,M,train,188732,audio/squad-572a10cd6aef051400155222-c-1.wav
male7,M,train,190218,audio/quac-C_de34e95206e144fa8217dc5cc93b7ce4_1_q#5-c-3.wav
male6,M,train,190218,audio/squad-572a10cd6aef051400155222-c-5.wav
male23,M,train,190218,audio/quac-C_1873c4f81ac24c6980a3235172ccebab_1_q#1-c-6.wav
female30,F,train,190218,audio/squad-5a8929e43b2508001a72a4db-c-1.wav
female21,F,train,191704,audio/squad-5710e9f8a58dae1900cd6b32-c-3.wav
male6,M,train,193191,audio/newsqa-eb1874892fb548df93b1a1a61cb72b3b-c-1.wav
male23,M,train,193191,audio/quac-C_1873c4f81ac24c6980a3235172ccebab_1_q#1-c-16.wav
male10,M,train,193191,audio/quac-C_2d2ac28a31d340be94d43f908df1d65e_0_q#5-c-6.wav
female21,F,train,193191,audio/squad-5710e9f8a58dae1900cd6b32-c-4.wav
male23,M,train,194677,audio/newsqa-9a460baac9624873b82ce0f9704169f7-c-1.wav
male10,M,train,194677,audio/squad-5ad55ee35b96ef001a10ace8-q-0.wav
male10,M,train,194677,audio/quac-C_9eeb108353bb49ce979844fb47b36ead_0_q#2-c-10.wav
male1,M,train,194677,audio/squad-5ad2b882d7d075001a42a042-c-2.wav
male14,M,train,194677,audio/quac-C_6c922ff8e4a340d9bf2b85558179fdde_0_q#0-c-4.wav
female21,F,train,194677,audio/quac-C_8812f60078f14c69a724af179e567d72_1_q#8-c-8.wav
male10,M,train,196163,audio/quac-C_9eeb108353bb49ce979844fb47b36ead_0_q#2-c-2.wav
male1,M,train,196163,audio/squad-57337ddc4776f41900660bbe-c-3.wav
female21,F,train,196163,audio/quac-C_8812f60078f14c69a724af179e567d72_1_q#8-c-3.wav
female19,F,train,196163,audio/newsqa-7c1f4b324243427298513f80ee95ef29-c-7.wav
female3,F,train,196163,audio/squad-57097051ed30961900e84134-c-1.wav
female3,F,train,196163,audio/quac-C_0b63ef593dd04e27997b22d2c4496eae_0_q#4-c-0.wav
male10,M,train,197649,audio/quac-C_9eeb108353bb49ce979844fb47b36ead_0_q#2-c-1.wav
female10,F,train,197649,audio/newsqa-29f7d583cc204d3b8b269c80a4fd6078-c-8.wav
female3,F,train,197649,audio/squad-57097051ed30961900e84134-c-2.wav
male27,M,train,199135,audio/newsqa-884d37f5b51e4ffb9dc929d0296baf72-c-6.wav
male23,M,train,199135,audio/squad-572998673f37b319004784d5-c-3.wav
female30,F,train,199135,audio/quac-C_2c9aeb60169c4d519cea286706fac57a_1_q#4-c-3.wav
female21,F,train,199135,audio/squad-5ad4a110ba00c4001a268e61-c-0.wav
male10,M,train,200621,audio/quac-C_2d2ac28a31d340be94d43f908df1d65e_0_q#5-c-4.wav
female21,F,train,200621,audio/quac-C_8812f60078f14c69a724af179e567d72_1_q#8-c-12.wav
male6,M,train,202107,audio/squad-5a893ce63b2508001a72a556-c-2.wav
male23,M,train,202107,audio/squad-572998673f37b319004784d5-c-4.wav
male1,M,train,202107,audio/quac-C_af4639429ba041c6ad87b6596cfdd78b_1_q#4-c-0.wav
male1,M,train,202107,audio/squad-5acfea4977cf76001a686476-c-0.wav
female26,F,train,202107,audio/squad-5ad28861d7d075001a429941-c-1.wav
female3,F,train,202107,audio/quac-C_0b63ef593dd04e27997b22d2c4496eae_0_q#4-c-1.wav
male7,M,train,203593,audio/squad-5ad3a266604f3c001a3fea29-c-1.wav
male6,M,train,203593,audio/squad-572a10cd6aef051400155222-c-2.wav
female18,F,train,203593,audio/newsqa-d89f4ec2cb1e470698eca82af380164b-c-0.wav
female22,F,train,203593,audio/quac-C_b82cebc289f04e378fc6a55461067aa4_1_q#4-c-10.wav
male27,M,train,206565,audio/quac-C_850d3bec308b443a818eb036ac01589b_0_q#6-c-1.wav
male7,M,train,206565,audio/quac-C_de34e95206e144fa8217dc5cc93b7ce4_1_q#5-c-1.wav
male25,M,train,206565,audio/quac-C_620311268a6e4b9b8b319ded5e244ccd_0_q#8-c-8.wav
female30,F,train,206565,audio/squad-5ad40af0604f3c001a3fffdf-c-6.wav
female22,F,train,206565,audio/newsqa-2d5d781dd4a2462586b948584ea07bb4-c-0.wav
male25,M,train,208051,audio/quac-C_620311268a6e4b9b8b319ded5e244ccd_0_q#8-c-11.wav
male1,M,train,208051,audio/quac-C_bf065917828540f08878cc7d06719937_1_q#9-c-0.wav
male1,M,train,208051,audio/squad-5acfea4977cf76001a686476-c-1.wav
female19,F,train,208051,audio/newsqa-7c1f4b324243427298513f80ee95ef29-c-3.wav
female19,F,train,208051,audio/quac-C_58167e2e608c425bbb6d42b4b26f5419_0_q#5-c-1.wav
female3,F,train,208051,audio/squad-5ad40bd9604f3c001a400037-c-3.wav
male7,M,train,209537,audio/quac-C_de34e95206e144fa8217dc5cc93b7ce4_1_q#5-c-0.wav
female30,F,train,209537,audio/quac-C_2c9aeb60169c4d519cea286706fac57a_1_q#4-c-5.wav
male6,M,train,211023,audio/quac-C_761e993c8658494bba469dce01fd7b15_0_q#1-c-0.wav
male23,M,train,211023,audio/squad-572998673f37b319004784d5-c-2.wav
female10,F,train,211023,audio/squad-5a0c96fbf5590b0018dab487-c-2.wav
female22,F,train,211023,audio/squad-5ad4e4425b96ef001a10a573-c-5.wav
female3,F,train,212510,audio/squad-57097051ed30961900e84134-c-3.wav
male23,M,train,213996,audio/newsqa-e42c33611549472dbff11f936c19d9bc-c-4.wav
male10,M,train,213996,audio/quac-C_9eeb108353bb49ce979844fb47b36ead_0_q#2-c-7.wav
male25,M,train,215482,audio/squad-572ff86004bcaa1900d76f66-c-2.wav
male6,M,train,215482,audio/quac-C_79bb476dc46e40809b03d2a959d03a8b_1_q#4-c-3.wav
female30,F,train,215482,audio/quac-C_25aefa033eb6467eaa1387cbee0e692b_1_q#3-c-2.wav
female22,F,train,215482,audio/newsqa-ab8bfa3c577442e3ae402a103624c051-c-0.wav
female26,F,train,215482,audio/squad-5ad28861d7d075001a429941-c-0.wav
male25,M,train,216968,audio/quac-C_620311268a6e4b9b8b319ded5e244ccd_0_q#8-c-10.wav
male1,M,train,216968,audio/quac-C_af4639429ba041c6ad87b6596cfdd78b_1_q#4-c-8.wav
female30,F,train,216968,audio/quac-C_25aefa033eb6467eaa1387cbee0e692b_1_q#3-c-8.wav
female30,F,train,216968,audio/quac-C_25aefa033eb6467eaa1387cbee0e692b_1_q#3-c-1.wav
female22,F,train,216968,audio/quac-C_7caba58103d44db9a549c63600159c75_1_q#6-c-2.wav
female18,F,train,218454,audio/squad-572ff07304bcaa1900d76ef9-c-4.wav
female22,F,train,218454,audio/squad-5ad4e4425b96ef001a10a573-c-6.wav
female30,F,train,219940,audio/quac-C_25aefa033eb6467eaa1387cbee0e692b_1_q#3-c-11.wav
female26,F,train,219940,audio/squad-5ad258f3d7d075001a428de6-c-2.wav
female30,F,train,222912,audio/quac-C_25aefa033eb6467eaa1387cbee0e692b_1_q#3-c-5.wav
female26,F,train,222912,audio/squad-5ad258f3d7d075001a428de6-c-4.wav
female26,F,train,222912,audio/quac-C_b1e2c87931eb453695233025c69ea4c1_0_q#5-c-7.wav
female3,F,train,222912,audio/squad-5ad40bd9604f3c001a400037-c-5.wav
female3,F,train,224398,audio/quac-C_0b63ef593dd04e27997b22d2c4496eae_0_q#4-c-8.wav
male23,M,train,225884,audio/quac-C_1873c4f81ac24c6980a3235172ccebab_1_q#1-c-0.wav
male25,M,train,228856,audio/newsqa-1f980f275f3e4d189dd30cdac19cb606-c-2.wav
male6,M,train,228856,audio/quac-C_761e993c8658494bba469dce01fd7b15_0_q#1-c-8.wav
male10,M,train,228856,audio/quac-C_2d2ac28a31d340be94d43f908df1d65e_0_q#5-c-0.wav
female18,F,train,230342,audio/squad-5a2c36c4bfd06b001a5aea68-c-2.wav
female22,F,train,230342,audio/quac-C_7caba58103d44db9a549c63600159c75_1_q#6-c-4.wav
female19,F,train,230342,audio/quac-C_58167e2e608c425bbb6d42b4b26f5419_0_q#5-c-8.wav
male10,M,train,231829,audio/quac-C_2d2ac28a31d340be94d43f908df1d65e_0_q#5-c-7.wav
male10,M,train,233315,audio/squad-572fe9b3947a6a140053cde1-c-0.wav
female10,F,train,233315,audio/quac-C_c971a73b65594c458641689a033cfa99_1_q#1-c-8.wav
male27,M,train,234801,audio/newsqa-884d37f5b51e4ffb9dc929d0296baf72-c-0.wav
male1,M,train,234801,audio/quac-C_af4639429ba041c6ad87b6596cfdd78b_1_q#4-c-2.wav
male7,M,train,236287,audio/squad-5ad3a266604f3c001a3fea29-c-4.wav
female30,F,train,236287,audio/quac-C_2c9aeb60169c4d519cea286706fac57a_1_q#4-c-10.wav
male23,M,train,237773,audio/squad-572998673f37b319004784d5-c-5.wav
male14,M,train,237773,audio/newsqa-724d1ee848b044efabde67e05466bf4e-c-3.wav
female30,F,train,237773,audio/quac-C_25aefa033eb6467eaa1387cbee0e692b_1_q#3-c-0.wav
female26,F,train,237773,audio/quac-C_08e8c5f9b62b4fd195cf00093eddfc7f_1_q#4-c-2.wav
female26,F,train,237773,audio/squad-5ad28861d7d075001a429941-c-5.wav
male14,M,train,239259,audio/quac-C_6c922ff8e4a340d9bf2b85558179fdde_0_q#0-c-10.wav
male1,M,train,240745,audio/squad-5ad2b882d7d075001a42a042-c-1.wav
female26,F,train,240745,audio/quac-C_08e8c5f9b62b4fd195cf00093eddfc7f_1_q#4-c-0.wav
male7,M,train,242231,audio/squad-5ad0421177cf76001a686f15-c-2.wav
male1,M,train,242231,audio/squad-5ad24e50d7d075001a428c3c-c-2.wav
male1,M,train,242231,audio/squad-57337ddc4776f41900660bbe-c-2.wav
male27,M,train,243717,audio/newsqa-13d12f86109c440ea04d2db998fdcaa5-c-3.wav
male6,M,train,245203,audio/squad-572a10cd6aef051400155222-c-0.wav
female21,F,train,245203,audio/quac-C_8812f60078f14c69a724af179e567d72_1_q#8-c-1.wav
female22,F,train,245203,audio/quac-C_7caba58103d44db9a549c63600159c75_1_q#6-c-1.wav
male27,M,train,246689,audio/newsqa-13d12f86109c440ea04d2db998fdcaa5-c-2.wav
male7,M,train,246689,audio/squad-5ad3a266604f3c001a3fea29-c-2.wav
female10,F,train,246689,audio/quac-C_c971a73b65594c458641689a033cfa99_1_q#1-c-3.wav
male10,M,train,248175,audio/quac-C_2d2ac28a31d340be94d43f908df1d65e_0_q#5-c-9.wav
male6,M,train,249661,audio/squad-5ad2424cd7d075001a42898c-c-1.wav
male14,M,train,249661,audio/squad-571155ae2419e31400955592-c-2.wav
male6,M,train,251148,audio/squad-5ad2424cd7d075001a42898c-c-3.wav
male1,M,train,251148,audio/quac-C_bf065917828540f08878cc7d06719937_1_q#9-c-1.wav
female18,F,train,251148,audio/squad-572ff07304bcaa1900d76ef9-c-1.wav
female26,F,train,251148,audio/quac-C_b1e2c87931eb453695233025c69ea4c1_0_q#5-c-1.wav
male14,M,train,252634,audio/newsqa-724d1ee848b044efabde67e05466bf4e-c-1.wav
female10,F,train,254120,audio/quac-C_c971a73b65594c458641689a033cfa99_1_q#1-c-4.wav
female26,F,train,254120,audio/quac-C_b1e2c87931eb453695233025c69ea4c1_0_q#5-c-6.wav
male6,M,train,257092,audio/newsqa-eb1874892fb548df93b1a1a61cb72b3b-c-0.wav
female10,F,train,257092,audio/quac-C_7d5560b23977415f9b2fda38a973e3b6_0_q#9-c-12.wav
female21,F,train,257092,audio/newsqa-8d89597279124ba2ba3c25978be42ebc-c-1.wav
female22,F,train,257092,audio/quac-C_7caba58103d44db9a549c63600159c75_1_q#6-c-8.wav
female30,F,train,258578,audio/squad-5a8929e43b2508001a72a4db-c-2.wav
female30,F,train,258578,audio/squad-5ad40af0604f3c001a3fffdf-c-4.wav
male6,M,train,261550,audio/squad-5ad2424cd7d075001a42898c-c-0.wav
male10,M,train,263036,audio/quac-C_2d2ac28a31d340be94d43f908df1d65e_0_q#5-c-5.wav
male10,M,train,264522,audio/quac-C_2d2ac28a31d340be94d43f908df1d65e_0_q#5-c-12.wav
female26,F,train,264522,audio/quac-C_b1e2c87931eb453695233025c69ea4c1_0_q#5-c-3.wav
male1,M,train,267494,audio/quac-C_bf065917828540f08878cc7d06719937_1_q#9-c-7.wav
female30,F,train,267494,audio/quac-C_2c9aeb60169c4d519cea286706fac57a_1_q#4-c-0.wav
female30,F,train,267494,audio/squad-5a8929e43b2508001a72a4db-c-3.wav
female10,F,train,268980,audio/squad-5a0c99fcf5590b0018dab4a4-c-0.wav
female21,F,train,268980,audio/newsqa-8d89597279124ba2ba3c25978be42ebc-c-4.wav
female22,F,train,268980,audio/quac-C_7caba58103d44db9a549c63600159c75_1_q#6-c-6.wav
female21,F,train,270467,audio/squad-5ad4a110ba00c4001a268e61-c-4.wav
female3,F,train,270467,audio/squad-57097051ed30961900e84134-c-0.wav
male10,M,train,273439,audio/squad-572fe9b3947a6a140053cde1-c-2.wav
male14,M,train,273439,audio/quac-C_6c922ff8e4a340d9bf2b85558179fdde_0_q#0-c-5.wav
female26,F,train,273439,audio/quac-C_08e8c5f9b62b4fd195cf00093eddfc7f_1_q#4-c-8.wav
female26,F,train,273439,audio/squad-5ad258f3d7d075001a428de6-c-3.wav
female21,F,train,274925,audio/quac-C_8812f60078f14c69a724af179e567d72_1_q#8-c-11.wav
male10,M,train,277897,audio/quac-C_2d2ac28a31d340be94d43f908df1d65e_0_q#5-c-2.wav
male1,M,train,277897,audio/squad-5ad2b882d7d075001a42a042-c-4.wav
female10,F,train,277897,audio/squad-5a0c96fbf5590b0018dab487-c-0.wav
male10,M,train,279383,audio/quac-C_9eeb108353bb49ce979844fb47b36ead_0_q#2-c-5.wav
male1,M,train,279383,audio/quac-C_bf065917828540f08878cc7d06719937_1_q#9-c-6.wav
male27,M,train,280869,audio/newsqa-884d37f5b51e4ffb9dc929d0296baf72-c-9.wav
male10,M,train,280869,audio/quac-C_9eeb108353bb49ce979844fb47b36ead_0_q#2-c-4.wav
male7,M,train,282355,audio/quac-C_de34e95206e144fa8217dc5cc93b7ce4_1_q#5-c-12.wav
male1,M,train,282355,audio/squad-5ad24e50d7d075001a428c3c-c-3.wav
female26,F,train,282355,audio/quac-C_b1e2c87931eb453695233025c69ea4c1_0_q#5-c-0.wav
male7,M,train,285327,audio/quac-C_5d024d0f9d5e431aa844c767ab6d26df_1_q#6-c-2.wav
male7,M,train,285327,audio/squad-5ad3a266604f3c001a3fea29-c-3.wav
male6,M,train,285327,audio/quac-C_761e993c8658494bba469dce01fd7b15_0_q#1-c-2.wav
male14,M,train,285327,audio/newsqa-d5a8296d1d6c4c2591ee445ec0a3de72-c-0.wav
female3,F,train,285327,audio/squad-57097051ed30961900e84134-c-4.wav
male14,M,train,286813,audio/quac-C_6c922ff8e4a340d9bf2b85558179fdde_0_q#0-c-3.wav
female3,F,train,286813,audio/quac-C_0b63ef593dd04e27997b22d2c4496eae_0_q#4-c-5.wav
female22,F,train,288299,audio/quac-C_b82cebc289f04e378fc6a55461067aa4_1_q#4-c-4.wav
female10,F,train,289786,audio/squad-5a0c99fcf5590b0018dab4a4-c-2.wav
male7,M,train,291272,audio/quac-C_5d024d0f9d5e431aa844c767ab6d26df_1_q#6-c-0.wav
male25,M,train,292758,audio/quac-C_620311268a6e4b9b8b319ded5e244ccd_0_q#8-c-0.wav
male6,M,train,292758,audio/newsqa-eb1874892fb548df93b1a1a61cb72b3b-c-5.wav
female21,F,train,292758,audio/quac-C_3e7c4d0e33504faeb7704c042414bc79_0_q#5-c-4.wav
male10,M,train,294244,audio/squad-572fe9b3947a6a140053cde1-c-1.wav
female26,F,train,297216,audio/newsqa-f5a1734405054c1294b4a76ac9bfd1bb-c-0.wav
female19,F,train,298702,audio/squad-5ad5344b5b96ef001a10ab88-c-3.wav
male14,M,train,301674,audio/newsqa-724d1ee848b044efabde67e05466bf4e-c-4.wav
male10,M,train,303160,audio/squad-5ad4b0f25b96ef001a109dbe-c-2.wav
female21,F,train,303160,audio/newsqa-8d89597279124ba2ba3c25978be42ebc-c-3.wav
female26,F,train,303160,audio/squad-5ad28861d7d075001a429941-c-2.wav
female26,F,train,306132,audio/quac-C_08e8c5f9b62b4fd195cf00093eddfc7f_1_q#4-c-3.wav
male14,M,train,307618,audio/newsqa-d5a8296d1d6c4c2591ee445ec0a3de72-c-3.wav
female10,F,train,309105,audio/squad-5a0c99fcf5590b0018dab4a4-c-5.wav
male6,M,train,310591,audio/quac-C_761e993c8658494bba469dce01fd7b15_0_q#1-c-6.wav
female22,F,train,310591,audio/squad-5ad4e4425b96ef001a10a573-c-4.wav
female3,F,train,310591,audio/squad-5acf7dcf77cf76001a684f7c-c-1.wav
male1,M,train,312077,audio/squad-5ad24e50d7d075001a428c3c-c-0.wav
male14,M,train,312077,audio/squad-571155ae2419e31400955592-c-4.wav
female26,F,train,313563,audio/quac-C_08e8c5f9b62b4fd195cf00093eddfc7f_1_q#4-c-7.wav
male1,M,train,318021,audio/quac-C_af4639429ba041c6ad87b6596cfdd78b_1_q#4-c-11.wav
male10,M,train,319507,audio/squad-572fe9b3947a6a140053cde1-c-3.wav
male25,M,train,320993,audio/squad-572ff86004bcaa1900d76f66-c-0.wav
female22,F,train,320993,audio/quac-C_7caba58103d44db9a549c63600159c75_1_q#6-c-0.wav
female26,F,train,320993,audio/quac-C_b1e2c87931eb453695233025c69ea4c1_0_q#5-c-8.wav
male27,M,train,322479,audio/quac-C_850d3bec308b443a818eb036ac01589b_0_q#6-c-4.wav
male25,M,train,322479,audio/quac-C_49df1a3d8a104ac18720c7e0be7a2aa3_1_q#3-c-2.wav
female21,F,train,325451,audio/squad-5ad4a110ba00c4001a268e61-c-6.wav
female21,F,train,325451,audio/squad-5710e9f8a58dae1900cd6b32-c-0.wav
female10,F,train,326937,audio/squad-5ad14468645df0001a2d148a-c-2.wav
female3,F,train,326937,audio/squad-5acf7dcf77cf76001a684f7c-c-2.wav
male1,M,train,329910,audio/squad-57337ddc4776f41900660bbe-c-1.wav
female10,F,train,332882,audio/squad-5a0c96fbf5590b0018dab487-c-1.wav
female21,F,train,332882,audio/quac-C_8812f60078f14c69a724af179e567d72_1_q#8-c-5.wav
female26,F,train,335854,audio/quac-C_b1e2c87931eb453695233025c69ea4c1_0_q#5-c-2.wav
female26,F,train,337340,audio/quac-C_08e8c5f9b62b4fd195cf00093eddfc7f_1_q#4-c-5.wav
male10,M,train,344770,audio/quac-C_9eeb108353bb49ce979844fb47b36ead_0_q#2-c-0.wav
male1,M,train,352201,audio/squad-5ad2b882d7d075001a42a042-c-3.wav
male7,M,train,352598,audio/squad-5ad3a266604f3c001a3fea29-c-6.wav
male7,M,train,353687,audio/squad-5ad3a266604f3c001a3fea29-c-5.wav
female21,F,train,353687,audio/squad-5710e9f8a58dae1900cd6b32-c-2.wav
male10,M,train,355173,audio/squad-5ad4b0f25b96ef001a109dbe-c-0.wav
male1,M,train,358145,audio/quac-C_bf065917828540f08878cc7d06719937_1_q#9-c-5.wav
female19,F,train,358145,audio/squad-5ad5344b5b96ef001a10ab88-c-1.wav
female3,F,train,358145,audio/quac-C_0b63ef593dd04e27997b22d2c4496eae_0_q#4-c-3.wav
male23,M,train,359631,audio/squad-57264f18f1498d1400e8dbb2-c-2.wav
female3,F,train,362603,audio/quac-C_0b63ef593dd04e27997b22d2c4496eae_0_q#4-c-4.wav
male10,M,train,368548,audio/squad-56de49564396321400ee277a-c-0.wav
male1,M,train,368548,audio/quac-C_bf065917828540f08878cc7d06719937_1_q#9-c-4.wav
female10,F,train,368548,audio/quac-C_c971a73b65594c458641689a033cfa99_1_q#1-c-5.wav
male1,M,train,374492,audio/squad-5acfea4977cf76001a686476-c-2.wav
male10,M,train,375978,audio/quac-C_9eeb108353bb49ce979844fb47b36ead_0_q#2-c-8.wav
female22,F,train,375978,audio/newsqa-2d5d781dd4a2462586b948584ea07bb4-c-1.wav
male1,M,train,377464,audio/quac-C_bf065917828540f08878cc7d06719937_1_q#9-c-2.wav
female10,F,train,380436,audio/squad-5ad14468645df0001a2d148a-c-0.wav
female21,F,train,383408,audio/quac-C_8812f60078f14c69a724af179e567d72_1_q#8-c-6.wav
male7,M,train,390839,audio/quac-C_5d024d0f9d5e431aa844c767ab6d26df_1_q#6-c-10.wav
female10,F,train,390839,audio/quac-C_c971a73b65594c458641689a033cfa99_1_q#1-c-9.wav
female10,F,train,395297,audio/squad-5a0c99fcf5590b0018dab4a4-c-1.wav
female3,F,train,395297,audio/quac-C_0b63ef593dd04e27997b22d2c4496eae_0_q#4-c-7.wav
female10,F,train,408672,audio/squad-5ad14468645df0001a2d148a-c-1.wav
male6,M,train,410158,audio/squad-572a10cd6aef051400155222-c-3.wav
male25,M,train,429477,audio/squad-572ff86004bcaa1900d76f66-c-1.wav
male14,M,train,435421,audio/squad-571155ae2419e31400955592-c-1.wav
male1,M,train,441365,audio/quac-C_bf065917828540f08878cc7d06719937_1_q#9-c-3.wav
female19,F,train,442851,audio/squad-5ad26235d7d075001a429083-c-1.wav
male23,M,train,448796,audio/squad-57264f18f1498d1400e8dbb2-c-3.wav
female18,F,train,468115,audio/quac-C_420bfcf5d8b344a480ac654f08ee55ad_1_q#4-c-0.wav
female3,F,train,468115,audio/squad-5acf7dcf77cf76001a684f7c-c-0.wav
male6,M,train,472573,audio/quac-C_761e993c8658494bba469dce01fd7b15_0_q#1-c-4.wav
male25,M,train,475545,audio/quac-C_49df1a3d8a104ac18720c7e0be7a2aa3_1_q#3-c-9.wav
male10,M,train,480003,audio/squad-5ad4b0f25b96ef001a109dbe-c-3.wav
female26,F,train,484462,audio/quac-C_08e8c5f9b62b4fd195cf00093eddfc7f_1_q#4-c-4.wav
male1,M,train,485948,audio/squad-5ad24e50d7d075001a428c3c-c-1.wav
male6,M,train,487434,audio/squad-572a10cd6aef051400155222-c-4.wav
male27,M,train,665763,audio/squad-572885c44b864d1900164a7b-c-0.wav
