mixture_ID,speaker_1_ID,speaker_1_sex,speaker_2_ID,speaker_2_sex
audio00000,male1,M,male14,M
audio00001,male25,M,female26,F
audio00002,male23,M,female21,F
audio00003,male10,M,female21,F
audio00004,female10,F,male14,M
audio00005,male1,M,female21,F
audio00006,female26,F,male23,M
audio00007,male23,M,female19,F
audio00008,male6,M,female19,F
audio00009,male27,M,female22,F
audio00010,male25,M,female21,F
audio00011,female21,F,male1,M
audio00012,female30,F,male23,M
audio00013,male23,M,male25,M
audio00014,male25,M,female22,F
audio00015,female26,F,male27,M
audio00016,female19,F,female18,F
audio00017,male1,M,female30,F
audio00018,male6,M,male25,M
audio00019,female22,F,female3,F
audio00020,male23,M,female21,F
audio00021,female22,F,male1,M
audio00022,male6,M,male10,M
audio00023,male27,M,male7,M
audio00024,female3,F,female26,F
audio00025,female22,F,male7,M
audio00026,male25,M,male7,M
audio00027,female19,F,female3,F
audio00028,male6,M,male10,M
audio00029,male7,M,female10,F
audio00030,male7,M,male10,M
audio00031,female26,F,female22,F
audio00032,male1,M,female10,F
audio00033,female21,F,female30,F
audio00034,female18,F,female22,F
audio00035,male25,M,female30,F
audio00036,female3,F,female10,F
audio00037,female26,F,female10,F
audio00038,female19,F,male23,M
audio00039,male1,M,female3,F
audio00040,male6,M,male14,M
audio00041,male25,M,male10,M
audio00042,female3,F,male23,M
audio00043,female10,F,male14,M
audio00044,female19,F,female21,F
audio00045,male14,M,male23,M
audio00046,male1,M,male25,M
audio00047,male27,M,female19,F
audio00048,male7,M,male6,M
audio00049,male25,M,female21,F
audio00050,female30,F,male23,M
audio00051,male27,M,male14,M
audio00052,male27,M,female22,F
audio00053,female19,F,male7,M
audio00054,male25,M,female22,F
audio00055,male23,M,male6,M
audio00056,female21,F,female18,F
audio00057,female21,F,female19,F
audio00058,female18,F,female21,F
audio00059,male10,M,male23,M
audio00060,male6,M,female30,F
audio00061,female21,F,male10,M
audio00062,male1,M,female10,F
audio00063,male27,M,female18,F
audio00064,female10,F,male6,M
audio00065,female19,F,male27,M
audio00066,male23,M,female22,F
audio00067,male7,M,male23,M
audio00068,female18,F,male1,M
audio00069,female19,F,male1,M
audio00070,female30,F,male7,M
audio00071,male6,M,female10,F
audio00072,female19,F,male10,M
audio00073,female22,F,female26,F
audio00074,male1,M,male6,M
audio00075,male1,M,male25,M
audio00076,male14,M,female19,F
audio00077,male1,M,female18,F
audio00078,female21,F,male23,M
audio00079,male6,M,male23,M
audio00080,female18,F,male23,M
audio00081,female3,F,female19,F
audio00082,female19,F,male10,M
audio00083,female30,F,male10,M
audio00084,male25,M,male7,M
audio00085,male25,M,female19,F
audio00086,male1,M,male27,M
audio00087,female26,F,female3,F
audio00088,female19,F,male1,M
audio00089,male6,M,male23,M
audio00090,male10,M,female21,F
audio00091,female3,F,male6,M
audio00092,male7,M,male23,M
audio00093,female3,F,male1,M
audio00094,male1,M,female10,F
audio00095,female3,F,male7,M
audio00096,female18,F,female22,F
audio00097,female26,F,female21,F
audio00098,male6,M,male10,M
audio00099,male14,M,male6,M
audio00100,male27,M,male6,M
audio00101,female3,F,male7,M
audio00102,female22,F,female18,F
audio00103,male1,M,female3,F
audio00104,female22,F,female30,F
audio00105,male7,M,female19,F
audio00106,male6,M,male14,M
audio00107,female30,F,male7,M
audio00108,male25,M,female21,F
audio00109,female3,F,male1,M
audio00110,male23,M,male10,M
audio00111,male7,M,female22,F
audio00112,female26,F,female21,F
audio00113,male1,M,male25,M
audio00114,female19,F,female18,F
audio00115,male1,M,male7,M
audio00116,male1,M,male27,M
audio00117,male1,M,female22,F
audio00118,male1,M,female30,F
audio00119,male25,M,male7,M
audio00120,female22,F,female10,F
audio00121,male10,M,female3,F
audio00122,male7,M,male23,M
audio00123,female18,F,female22,F
audio00124,male27,M,female22,F
audio00125,female19,F,male7,M
audio00126,female3,F,female18,F
audio00127,female19,F,male25,M
audio00128,female22,F,female26,F
audio00129,female3,F,male7,M
audio00130,male25,M,female18,F
audio00131,female18,F,male6,M
audio00132,male10,M,female19,F
audio00133,male23,M,male10,M
audio00134,male23,M,female10,F
audio00135,male10,M,male23,M
audio00136,male25,M,male10,M
audio00137,female19,F,male1,M
audio00138,male27,M,female18,F
audio00139,male14,M,male6,M
audio00140,male23,M,male10,M
audio00141,male14,M,female3,F
audio00142,female10,F,female3,F
audio00143,male23,M,female18,F
audio00144,male23,M,male27,M
audio00145,female30,F,male23,M
audio00146,male25,M,female21,F
audio00147,male1,M,female26,F
audio00148,female22,F,male10,M
audio00149,female19,F,male25,M
audio00150,male7,M,female3,F
audio00151,female30,F,male6,M
audio00152,male23,M,female21,F
audio00153,male6,M,female30,F
audio00154,male1,M,female18,F
audio00155,female30,F,male1,M
audio00156,female26,F,female18,F
audio00157,male10,M,male6,M
audio00158,male14,M,male27,M
audio00159,male25,M,male1,M
audio00160,male6,M,female30,F
audio00161,female26,F,male23,M
audio00162,female3,F,male14,M
audio00163,female18,F,female30,F
audio00164,male25,M,female30,F
audio00165,female10,F,male10,M
audio00166,female22,F,male10,M
audio00167,female26,F,female18,F
audio00168,female3,F,male23,M
audio00169,male1,M,female19,F
audio00170,female21,F,male7,M
audio00171,female21,F,female22,F
audio00172,female10,F,female21,F
audio00173,female3,F,male1,M
audio00174,male10,M,female19,F
audio00175,female10,F,male6,M
audio00176,female22,F,female18,F
audio00177,male14,M,female21,F
audio00178,female19,F,male23,M
audio00179,male25,M,female10,F
audio00180,male1,M,female18,F
audio00181,male23,M,male14,M
audio00182,male6,M,female30,F
audio00183,male14,M,male23,M
audio00184,female30,F,male7,M
audio00185,female26,F,male27,M
audio00186,male6,M,male23,M
audio00187,female3,F,female21,F
audio00188,male1,M,female30,F
audio00189,female26,F,female19,F
audio00190,female26,F,female21,F
audio00191,male25,M,male27,M
audio00192,female26,F,male1,M
audio00193,male10,M,female3,F
audio00194,male1,M,male6,M
audio00195,male10,M,male25,M
audio00196,male23,M,female18,F
audio00197,female21,F,female19,F
audio00198,male10,M,female19,F
audio00199,female18,F,male10,M
audio00200,female19,F,male7,M
audio00201,female18,F,male6,M
audio00202,female19,F,male6,M
audio00203,female22,F,male1,M
audio00204,male7,M,male14,M
audio00205,male14,M,male7,M
audio00206,male1,M,male10,M
audio00207,male6,M,male10,M
audio00208,female18,F,female30,F
audio00209,male14,M,male6,M
audio00210,male6,M,male7,M
audio00211,female10,F,female19,F
audio00212,female26,F,male25,M
audio00213,female26,F,female22,F
audio00214,female19,F,male7,M
audio00215,male14,M,male6,M
audio00216,female3,F,female30,F
audio00217,male23,M,female19,F
audio00218,male6,M,female21,F
audio00219,male25,M,female18,F
audio00220,female30,F,female22,F
audio00221,female10,F,male27,M
audio00222,male10,M,female18,F
audio00223,male27,M,male6,M
audio00224,female3,F,female18,F
audio00225,male25,M,female3,F
audio00226,female18,F,male10,M
audio00227,female3,F,male25,M
audio00228,male27,M,female3,F
audio00229,female22,F,male1,M
audio00230,female19,F,male27,M
audio00231,female30,F,female22,F
audio00232,male1,M,female26,F
audio00233,female21,F,male14,M
audio00234,male6,M,male27,M
audio00235,male14,M,male7,M
audio00236,female30,F,female22,F
audio00237,male25,M,female22,F
audio00238,male23,M,male14,M
audio00239,male7,M,male27,M
audio00240,female3,F,male1,M
audio00241,male10,M,female10,F
audio00242,female30,F,female19,F
audio00243,male27,M,female19,F
audio00244,male1,M,female30,F
audio00245,male6,M,female19,F
audio00246,male10,M,male14,M
audio00247,female18,F,female3,F
audio00248,male6,M,male27,M
audio00249,male23,M,female22,F
audio00250,male7,M,female21,F
audio00251,female30,F,female26,F
audio00252,female22,F,female3,F
audio00253,female18,F,male23,M
audio00254,male27,M,female3,F
audio00255,male6,M,female19,F
audio00256,male25,M,male6,M
audio00257,female22,F,male1,M
audio00258,female30,F,female18,F
audio00259,female26,F,male25,M
audio00260,male7,M,male10,M
audio00261,male23,M,female30,F
audio00262,male6,M,male1,M
audio00263,male10,M,male23,M
audio00264,male1,M,female26,F
audio00265,male25,M,female19,F
audio00266,female21,F,female18,F
audio00267,female30,F,female21,F
audio00268,male25,M,female22,F
audio00269,female26,F,female18,F
audio00270,male6,M,male14,M
audio00271,male1,M,female22,F
audio00272,male27,M,male23,M
audio00273,male23,M,male6,M
audio00274,female10,F,male1,M
audio00275,male10,M,female18,F
audio00276,female10,F,male14,M
audio00277,female21,F,female18,F
audio00278,female18,F,male27,M
audio00279,female22,F,female19,F
audio00280,male23,M,male7,M
audio00281,female18,F,male7,M
audio00282,female30,F,male27,M
audio00283,female26,F,male7,M
audio00284,female19,F,female26,F
audio00285,male6,M,male25,M
audio00286,male14,M,male27,M
audio00287,male6,M,male10,M
audio00288,female26,F,female22,F
audio00289,female30,F,female18,F
audio00290,male14,M,male23,M
audio00291,male27,M,male25,M
audio00292,female18,F,female26,F
audio00293,male10,M,female22,F
audio00294,male10,M,female19,F
audio00295,female21,F,female30,F
audio00296,male6,M,female18,F
audio00297,female22,F,female30,F
audio00298,female21,F,female10,F
audio00299,female30,F,male23,M
audio00300,male10,M,female22,F
audio00301,male10,M,male25,M
audio00302,male23,M,female26,F
audio00303,female19,F,male27,M
audio00304,female18,F,male1,M
audio00305,male1,M,male27,M
audio00306,female18,F,male25,M
audio00307,female18,F,male1,M
audio00308,female21,F,female26,F
audio00309,female3,F,male1,M
audio00310,female21,F,female19,F
audio00311,female21,F,female10,F
audio00312,male25,M,male7,M
audio00313,male25,M,male10,M
audio00314,female26,F,male25,M
audio00315,male1,M,male27,M
audio00316,female21,F,male23,M
audio00317,female10,F,male27,M
audio00318,male25,M,female19,F
audio00319,male7,M,female3,F
audio00320,female26,F,male10,M
audio00321,male23,M,male6,M
audio00322,female26,F,male23,M
audio00323,female30,F,male23,M
audio00324,female30,F,male14,M
audio00325,female26,F,female10,F
audio00326,female18,F,male1,M
audio00327,male23,M,female3,F
audio00328,female18,F,male27,M
audio00329,male10,M,female26,F
audio00330,male1,M,male10,M
audio00331,female10,F,female3,F
audio00332,male27,M,female19,F
audio00333,male6,M,male1,M
audio00334,female26,F,female3,F
audio00335,male1,M,male10,M
audio00336,female18,F,female22,F
audio00337,male7,M,female18,F
audio00338,female10,F,male10,M
audio00339,male25,M,female18,F
audio00340,female19,F,female30,F
audio00341,female10,F,female26,F
audio00342,female22,F,female26,F
audio00343,female21,F,female19,F
audio00344,male6,M,female19,F
audio00345,male25,M,female22,F
audio00346,male14,M,female19,F
audio00347,female19,F,male10,M
audio00348,male27,M,male10,M
audio00349,male6,M,male25,M
audio00350,male14,M,male7,M
audio00351,male7,M,female30,F
audio00352,female22,F,male23,M
audio00353,female30,F,male1,M
audio00354,female3,F,female21,F
audio00355,male27,M,female18,F
audio00356,male25,M,female18,F
audio00357,female21,F,male25,M
audio00358,female26,F,male25,M
audio00359,female30,F,male7,M
audio00360,female22,F,male6,M
audio00361,male10,M,male25,M
audio00362,female10,F,male7,M
audio00363,male1,M,male6,M
audio00364,male25,M,male7,M
audio00365,male25,M,female19,F
audio00366,female19,F,male23,M
audio00367,male7,M,female22,F
audio00368,female30,F,female22,F
audio00369,female10,F,male25,M
audio00370,female10,F,male23,M
audio00371,male6,M,female21,F
audio00372,female18,F,male25,M
audio00373,male6,M,female18,F
audio00374,male14,M,female22,F
audio00375,male7,M,female10,F
audio00376,female21,F,male25,M
audio00377,male6,M,male23,M
audio00378,male7,M,female19,F
audio00379,male1,M,female26,F
audio00380,female18,F,male27,M
audio00381,female10,F,male1,M
audio00382,male14,M,male6,M
audio00383,female30,F,female22,F
audio00384,male6,M,female22,F
audio00385,male14,M,male23,M
audio00386,female22,F,female18,F
audio00387,male7,M,male1,M
audio00388,female18,F,female21,F
audio00389,male23,M,female22,F
audio00390,male7,M,male27,M
audio00391,male23,M,female21,F
audio00392,male14,M,female18,F
audio00393,male27,M,female30,F
audio00394,male25,M,female18,F
audio00395,male23,M,male6,M
audio00396,male10,M,female19,F
audio00397,female30,F,male14,M
audio00398,male6,M,male23,M
audio00399,male25,M,female30,F
audio00400,male7,M,female26,F
audio00401,female30,F,male25,M
audio00402,female26,F,male10,M
audio00403,male14,M,male23,M
audio00404,female18,F,female26,F
audio00405,male27,M,female26,F
audio00406,male25,M,female18,F
audio00407,male6,M,female18,F
audio00408,female21,F,female19,F
audio00409,male6,M,female22,F
audio00410,female30,F,male7,M
audio00411,male27,M,male23,M
audio00412,male6,M,male14,M
audio00413,male1,M,male10,M
audio00414,male27,M,male25,M
audio00415,male27,M,female26,F
audio00416,male14,M,female21,F
audio00417,male1,M,male14,M
audio00418,male10,M,female22,F
audio00419,female18,F,female3,F
audio00420,female3,F,male25,M
audio00421,male1,M,female3,F
audio00422,female10,F,female26,F
audio00423,female19,F,female26,F
audio00424,male25,M,male14,M
audio00425,female30,F,male14,M
audio00426,female21,F,male6,M
audio00427,male10,M,female18,F
audio00428,female18,F,female21,F
audio00429,female21,F,male1,M
audio00430,female30,F,male25,M
audio00431,male1,M,female22,F
audio00432,male14,M,female19,F
audio00433,female18,F,male7,M
audio00434,male10,M,female21,F
audio00435,male1,M,female21,F
audio00436,female21,F,male14,M
audio00437,female21,F,female10,F
audio00438,female10,F,male25,M
audio00439,female21,F,female18,F
audio00440,male6,M,female19,F
audio00441,male7,M,female26,F
audio00442,female21,F,female18,F
audio00443,male6,M,female10,F
audio00444,female26,F,female19,F
audio00445,female21,F,female3,F
audio00446,female21,F,male27,M
audio00447,female19,F,male10,M
audio00448,female18,F,female30,F
audio00449,male7,M,male27,M
audio00450,male10,M,male23,M
audio00451,male1,M,male25,M
audio00452,female3,F,female18,F
audio00453,female21,F,male1,M
audio00454,male6,M,female19,F
audio00455,male25,M,male1,M
audio00456,female26,F,male14,M
audio00457,female26,F,male14,M
audio00458,male25,M,female21,F
audio00459,male27,M,female19,F
audio00460,female19,F,male10,M
audio00461,female19,F,male10,M
audio00462,female10,F,male23,M
audio00463,male6,M,female21,F
audio00464,male25,M,female10,F
audio00465,male23,M,male1,M
audio00466,male10,M,female19,F
audio00467,male23,M,female19,F
audio00468,female10,F,male25,M
audio00469,male10,M,male27,M
audio00470,female26,F,female19,F
audio00471,female10,F,female18,F
audio00472,female18,F,female21,F
audio00473,female21,F,male7,M
audio00474,male25,M,female22,F
audio00475,female30,F,male27,M
audio00476,female22,F,male23,M
audio00477,male23,M,male27,M
audio00478,male10,M,male27,M
audio00479,male6,M,female26,F
audio00480,female10,F,female21,F
audio00481,male6,M,male1,M
audio00482,male25,M,female30,F
audio00483,female26,F,male10,M
audio00484,female3,F,male25,M
audio00485,male14,M,female21,F
audio00486,male27,M,female18,F
audio00487,male14,M,female22,F
audio00488,male6,M,female22,F
audio00489,male1,M,female26,F
audio00490,male14,M,male7,M
audio00491,male27,M,female10,F
audio00492,male23,M,female26,F
audio00493,female26,F,male7,M
audio00494,female30,F,male23,M
audio00495,male14,M,male25,M
audio00496,male27,M,male14,M
audio00497,female19,F,male25,M
audio00498,male6,M,female26,F
audio00499,female19,F,female10,F
audio00500,female26,F,female19,F
audio00501,female18,F,female10,F
audio00502,female26,F,female30,F
audio00503,male10,M,male23,M
audio00504,male27,M,female18,F
audio00505,female18,F,male25,M
audio00506,male6,M,female21,F
audio00507,female30,F,female18,F
audio00508,male27,M,female22,F
audio00509,female10,F,male23,M
audio00510,male25,M,male7,M
audio00511,male14,M,male23,M
audio00512,female3,F,female21,F
audio00513,female21,F,female18,F
audio00514,female18,F,male6,M
audio00515,male6,M,male27,M
audio00516,male1,M,male14,M
audio00517,female30,F,male27,M
audio00518,male23,M,male25,M
audio00519,female26,F,female21,F
audio00520,female10,F,female30,F
audio00521,male10,M,male25,M
audio00522,male23,M,female30,F
audio00523,female19,F,male7,M
audio00524,female30,F,female19,F
audio00525,female3,F,male25,M
audio00526,female30,F,female22,F
audio00527,female18,F,male7,M
audio00528,male23,M,female10,F
audio00529,female18,F,female22,F
audio00530,male7,M,female3,F
audio00531,female18,F,female19,F
audio00532,female26,F,male14,M
audio00533,male23,M,female30,F
audio00534,male14,M,female26,F
audio00535,male7,M,female22,F
audio00536,female19,F,female21,F
audio00537,female30,F,male27,M
audio00538,male23,M,female10,F
audio00539,female3,F,female30,F
audio00540,male6,M,female30,F
audio00541,female22,F,female21,F
audio00542,female19,F,female18,F
audio00543,male6,M,male23,M
audio00544,female21,F,male7,M
audio00545,male25,M,female19,F
audio00546,female18,F,male25,M
audio00547,female18,F,male27,M
audio00548,female21,F,female19,F
audio00549,female10,F,male23,M
audio00550,male10,M,male1,M
audio00551,female10,F,male14,M
audio00552,female18,F,male14,M
audio00553,male7,M,male14,M
audio00554,male27,M,female21,F
audio00555,female19,F,male27,M
audio00556,male27,M,female21,F
audio00557,female26,F,male25,M
audio00558,female19,F,male27,M
audio00559,female30,F,female10,F
audio00560,male6,M,female10,F
audio00561,male14,M,male7,M
audio00562,male6,M,male10,M
audio00563,female19,F,male27,M
audio00564,male27,M,female30,F
audio00565,male14,M,female10,F
audio00566,female18,F,female26,F
audio00567,female21,F,male27,M
audio00568,male1,M,male14,M
audio00569,male1,M,female18,F
audio00570,female18,F,male27,M
audio00571,male23,M,female18,F
audio00572,male1,M,male25,M
audio00573,male14,M,female10,F
audio00574,male25,M,male10,M
audio00575,female30,F,female18,F
audio00576,female19,F,female26,F
audio00577,female18,F,male25,M
audio00578,female18,F,male1,M
audio00579,female18,F,female30,F
audio00580,male23,M,female3,F
audio00581,female18,F,female19,F
audio00582,male7,M,male25,M
audio00583,female19,F,male10,M
audio00584,female22,F,female3,F
audio00585,male23,M,female26,F
audio00586,female10,F,male6,M
audio00587,female22,F,male23,M
audio00588,female26,F,male27,M
audio00589,male10,M,female18,F
audio00590,female18,F,female19,F
audio00591,female10,F,female21,F
audio00592,male25,M,female18,F
audio00593,female18,F,female30,F
audio00594,male6,M,female18,F
audio00595,female3,F,male7,M
audio00596,female26,F,male6,M
audio00597,female19,F,male27,M
audio00598,male6,M,female21,F
audio00599,male23,M,male7,M
audio00600,female18,F,female22,F
audio00601,male23,M,female22,F
audio00602,male6,M,female22,F
audio00603,male27,M,female30,F
audio00604,female22,F,male23,M
audio00605,male14,M,male10,M
audio00606,female26,F,male14,M
audio00607,male25,M,male6,M
audio00608,female22,F,male14,M
audio00609,female22,F,female21,F
audio00610,male10,M,female18,F
audio00611,male27,M,female30,F
audio00612,male1,M,female19,F
audio00613,female26,F,male14,M
audio00614,male1,M,female22,F
audio00615,female21,F,female26,F
audio00616,male23,M,female18,F
audio00617,female18,F,female21,F
audio00618,female19,F,female10,F
audio00619,male10,M,male1,M
audio00620,female21,F,male27,M
audio00621,male1,M,female18,F
audio00622,female19,F,female18,F
audio00623,female18,F,male23,M
audio00624,male10,M,female18,F
audio00625,male1,M,male23,M
audio00626,female26,F,female3,F
audio00627,male1,M,female26,F
audio00628,male7,M,female26,F
audio00629,male23,M,female19,F
audio00630,male7,M,female22,F
audio00631,male7,M,male6,M
audio00632,female18,F,male27,M
audio00633,female22,F,female19,F
audio00634,male25,M,male27,M
audio00635,female18,F,female21,F
audio00636,male10,M,male14,M
audio00637,male23,M,female30,F
audio00638,male1,M,female19,F
audio00639,male1,M,female19,F
audio00640,male6,M,female19,F
audio00641,female30,F,female3,F
audio00642,female10,F,female18,F
audio00643,male6,M,female30,F
audio00644,female21,F,female22,F
audio00645,female19,F,male14,M
audio00646,male23,M,female18,F
audio00647,male10,M,female26,F
audio00648,female26,F,female30,F
audio00649,female10,F,female22,F
audio00650,male27,M,male6,M
audio00651,female19,F,female18,F
audio00652,male23,M,male6,M
audio00653,male10,M,female21,F
audio00654,male10,M,female19,F
audio00655,female22,F,female30,F
audio00656,female26,F,male10,M
audio00657,female26,F,male6,M
audio00658,male1,M,male25,M
audio00659,male23,M,female18,F
audio00660,female30,F,male1,M
audio00661,male10,M,female18,F
audio00662,female30,F,female3,F
audio00663,male27,M,female3,F
audio00664,male25,M,male14,M
audio00665,male23,M,male7,M
audio00666,female3,F,female18,F
audio00667,male25,M,female18,F
audio00668,male14,M,female22,F
audio00669,female22,F,female3,F
audio00670,female19,F,female18,F
audio00671,female18,F,female26,F
audio00672,male14,M,male25,M
audio00673,female26,F,male27,M
audio00674,male7,M,male1,M
audio00675,female26,F,male6,M
audio00676,female10,F,male7,M
audio00677,female22,F,male27,M
audio00678,male25,M,male14,M
audio00679,female19,F,female3,F
audio00680,male6,M,male27,M
audio00681,female22,F,female19,F
audio00682,male27,M,female18,F
audio00683,female10,F,male7,M
audio00684,male10,M,male1,M
audio00685,male25,M,male10,M
audio00686,male27,M,male10,M
audio00687,female26,F,female30,F
audio00688,female26,F,female3,F
audio00689,male7,M,female18,F
audio00690,male6,M,female10,F
audio00691,male1,M,male23,M
audio00692,male23,M,male25,M
audio00693,male27,M,male1,M
audio00694,female22,F,female30,F
audio00695,male7,M,male27,M
audio00696,male1,M,female19,F
audio00697,male14,M,male25,M
audio00698,male23,M,male14,M
audio00699,female26,F,male6,M
audio00700,female21,F,male10,M
audio00701,male1,M,male6,M
audio00702,female30,F,female26,F
audio00703,male25,M,female18,F
audio00704,female21,F,female3,F
audio00705,male7,M,female30,F
audio00706,male25,M,female21,F
audio00707,male1,M,female18,F
audio00708,female21,F,male6,M
audio00709,female30,F,female26,F
audio00710,female19,F,female26,F
audio00711,female22,F,male23,M
audio00712,female22,F,male10,M
audio00713,male14,M,female30,F
audio00714,male6,M,female26,F
audio00715,female3,F,female30,F
audio00716,male14,M,male6,M
audio00717,male6,M,female19,F
audio00718,male7,M,female18,F
audio00719,female19,F,male6,M
audio00720,male1,M,male23,M
audio00721,female10,F,male1,M
audio00722,female18,F,female22,F
audio00723,female26,F,female19,F
audio00724,female19,F,male14,M
audio00725,female26,F,male23,M
audio00726,female19,F,male6,M
audio00727,female30,F,male10,M
audio00728,male6,M,female30,F
audio00729,male25,M,male10,M
audio00730,female18,F,female19,F
audio00731,male27,M,female30,F
audio00732,male23,M,female19,F
audio00733,male14,M,male27,M
audio00734,male23,M,male7,M
audio00735,male25,M,male7,M
audio00736,male14,M,male27,M
audio00737,female30,F,male1,M
audio00738,female21,F,female30,F
audio00739,male23,M,male7,M
audio00740,male23,M,female19,F
audio00741,female21,F,female19,F
audio00742,female19,F,male6,M
audio00743,female22,F,male27,M
audio00744,female18,F,male27,M
audio00745,male27,M,female21,F
audio00746,male27,M,male7,M
audio00747,female10,F,female19,F
audio00748,male1,M,female19,F
audio00749,male14,M,male10,M
audio00750,female21,F,male23,M
audio00751,female30,F,male6,M
audio00752,female26,F,male10,M
audio00753,female30,F,female22,F
audio00754,male27,M,female19,F
audio00755,female19,F,male10,M
audio00756,female10,F,male7,M
audio00757,female18,F,male23,M
audio00758,male23,M,male14,M
audio00759,female30,F,female19,F
audio00760,female3,F,male23,M
audio00761,female30,F,female18,F
audio00762,male14,M,male6,M
audio00763,female19,F,male7,M
audio00764,female30,F,male25,M
audio00765,male23,M,male6,M
audio00766,female19,F,male1,M
audio00767,male27,M,female3,F
audio00768,male6,M,female10,F
audio00769,female18,F,female21,F
audio00770,female18,F,male23,M
audio00771,female30,F,male7,M
audio00772,male7,M,male1,M
audio00773,male10,M,male6,M
audio00774,female10,F,male10,M
audio00775,female21,F,female18,F
audio00776,female30,F,male1,M
audio00777,female18,F,male23,M
audio00778,male1,M,female21,F
audio00779,female21,F,female10,F
audio00780,male10,M,female3,F
audio00781,female3,F,male23,M
audio00782,female22,F,male25,M
audio00783,male23,M,female19,F
audio00784,female26,F,male25,M
audio00785,female19,F,male25,M
audio00786,male14,M,male7,M
audio00787,female19,F,male27,M
audio00788,female26,F,male6,M
audio00789,female19,F,female18,F
audio00790,male6,M,female21,F
audio00791,female10,F,male10,M
audio00792,female21,F,male14,M
audio00793,male6,M,female21,F
audio00794,male25,M,female19,F
audio00795,female22,F,male27,M
audio00796,female26,F,female22,F
audio00797,male6,M,female22,F
audio00798,male10,M,male6,M
audio00799,female21,F,male1,M
audio00800,male23,M,female22,F
audio00801,male1,M,male23,M
audio00802,male6,M,male7,M
audio00803,female3,F,male14,M
audio00804,male25,M,male27,M
audio00805,female18,F,male6,M
audio00806,male23,M,female30,F
audio00807,male7,M,male25,M
audio00808,male1,M,female26,F
audio00809,female3,F,female30,F
audio00810,male23,M,male27,M
audio00811,male23,M,male6,M
audio00812,female22,F,male6,M
audio00813,female3,F,male27,M
audio00814,female30,F,male6,M
audio00815,female19,F,male6,M
audio00816,female19,F,male23,M
audio00817,male7,M,female19,F
audio00818,female3,F,male10,M
audio00819,female18,F,female21,F
audio00820,male14,M,male25,M
audio00821,male10,M,male1,M
audio00822,male6,M,female10,F
audio00823,male7,M,female21,F
audio00824,female3,F,male23,M
audio00825,male14,M,male1,M
audio00826,male14,M,male27,M
audio00827,male10,M,male27,M
audio00828,male14,M,female19,F
audio00829,female18,F,female30,F
audio00830,male23,M,female26,F
audio00831,male10,M,female19,F
audio00832,female30,F,male10,M
audio00833,male25,M,female30,F
audio00834,female22,F,female18,F
audio00835,male25,M,female18,F
audio00836,male1,M,female18,F
audio00837,female22,F,female26,F
audio00838,male7,M,male25,M
audio00839,male23,M,female19,F
audio00840,male10,M,male6,M
audio00841,male27,M,female30,F
audio00842,female18,F,female19,F
audio00843,female30,F,male25,M
audio00844,male27,M,female3,F
audio00845,female18,F,male7,M
audio00846,female21,F,female18,F
audio00847,male14,M,female3,F
audio00848,male23,M,female21,F
audio00849,female10,F,male7,M
audio00850,male10,M,female22,F
audio00851,male10,M,female19,F
audio00852,female19,F,male10,M
audio00853,female19,F,male7,M
audio00854,male14,M,female18,F
audio00855,male25,M,male6,M
audio00856,male1,M,male10,M
audio00857,male7,M,female19,F
audio00858,male14,M,male1,M
audio00859,male25,M,female19,F
audio00860,female3,F,female18,F
audio00861,female19,F,male14,M
audio00862,male1,M,female26,F
audio00863,male23,M,female10,F
audio00864,female19,F,male6,M
audio00865,female22,F,male25,M
audio00866,male25,M,male6,M
audio00867,female22,F,female26,F
audio00868,male14,M,female19,F
audio00869,female18,F,male7,M
audio00870,male6,M,female10,F
audio00871,male1,M,male27,M
audio00872,female3,F,male14,M
audio00873,male6,M,male14,M
audio00874,female21,F,male27,M
audio00875,male27,M,female30,F
audio00876,female3,F,female26,F
audio00877,male7,M,female22,F
audio00878,female18,F,male25,M
audio00879,male10,M,female19,F
audio00880,female18,F,female26,F
audio00881,female21,F,female3,F
audio00882,female26,F,male6,M
audio00883,male14,M,male7,M
audio00884,male1,M,female26,F
audio00885,male14,M,female22,F
audio00886,male6,M,female3,F
audio00887,female30,F,male1,M
audio00888,male7,M,male14,M
audio00889,male10,M,female21,F
audio00890,male23,M,female19,F
audio00891,male27,M,male7,M
audio00892,male23,M,male7,M
audio00893,female19,F,female26,F
audio00894,female18,F,female26,F
audio00895,male27,M,female18,F
audio00896,male1,M,male14,M
audio00897,female19,F,male10,M
audio00898,male10,M,male23,M
audio00899,male23,M,female18,F
audio00900,female21,F,female22,F
audio00901,male10,M,female30,F
audio00902,male14,M,female19,F
audio00903,male25,M,female18,F
audio00904,male10,M,female30,F
audio00905,female26,F,male23,M
audio00906,female19,F,male10,M
audio00907,male23,M,male25,M
audio00908,female30,F,male6,M
audio00909,male14,M,female21,F
audio00910,female26,F,male7,M
audio00911,male25,M,female19,F
audio00912,female26,F,female22,F
audio00913,female10,F,male1,M
audio00914,male27,M,male23,M
audio00915,female3,F,male7,M
audio00916,female21,F,female30,F
audio00917,female26,F,male10,M
audio00918,female19,F,female26,F
audio00919,male14,M,male1,M
audio00920,female19,F,male1,M
audio00921,female10,F,female26,F
audio00922,female3,F,female21,F
audio00923,female21,F,female19,F
audio00924,female30,F,female10,F
audio00925,female22,F,male7,M
audio00926,female30,F,female22,F
audio00927,male25,M,female3,F
audio00928,male10,M,female21,F
audio00929,male6,M,male7,M
audio00930,female30,F,female19,F
audio00931,female21,F,male7,M
audio00932,female19,F,male10,M
audio00933,female18,F,male27,M
audio00934,male14,M,male6,M
audio00935,female3,F,male25,M
audio00936,male1,M,female21,F
audio00937,male7,M,male23,M
audio00938,female26,F,female30,F
audio00939,female30,F,female18,F
audio00940,female18,F,female3,F
audio00941,female3,F,male6,M
audio00942,male6,M,male1,M
audio00943,female26,F,female21,F
audio00944,male23,M,female19,F
audio00945,male1,M,female3,F
audio00946,female18,F,female19,F
audio00947,female26,F,male7,M
audio00948,male1,M,female18,F
audio00949,male6,M,female18,F
audio00950,female22,F,female30,F
audio00951,male10,M,female22,F
audio00952,female26,F,female18,F
audio00953,female19,F,male10,M
audio00954,male23,M,male27,M
audio00955,female19,F,male14,M
audio00956,female21,F,male7,M
audio00957,male7,M,male1,M
audio00958,male27,M,male1,M
audio00959,female21,F,male23,M
audio00960,female10,F,female30,F
audio00961,male23,M,female22,F
audio00962,female19,F,male27,M
audio00963,female18,F,female30,F
audio00964,male27,M,male7,M
audio00965,female19,F,female18,F
audio00966,female26,F,female21,F
audio00967,female26,F,male10,M
audio00968,male7,M,female26,F
audio00969,female19,F,female21,F
audio00970,male23,M,female26,F
audio00971,female21,F,female26,F
audio00972,male6,M,male10,M
audio00973,female21,F,male10,M
audio00974,female18,F,female19,F
audio00975,female10,F,male10,M
audio00976,male1,M,male7,M
audio00977,female19,F,male27,M
audio00978,female21,F,male27,M
audio00979,male10,M,male14,M
audio00980,male27,M,female10,F
audio00981,female21,F,male6,M
audio00982,male10,M,female18,F
audio00983,female30,F,female3,F
audio00984,female3,F,female22,F
audio00985,male27,M,female18,F
audio00986,female21,F,female3,F
audio00987,female30,F,female21,F
audio00988,male27,M,female26,F
audio00989,female3,F,male1,M
audio00990,female30,F,female10,F
audio00991,female10,F,female18,F
audio00992,female30,F,female18,F
audio00993,male25,M,male10,M
audio00994,female10,F,male10,M
audio00995,female10,F,male14,M
audio00996,male25,M,male27,M
audio00997,female22,F,male1,M
audio00998,female30,F,female18,F
audio00999,female26,F,male6,M
audio01000,female10,F,female18,F
audio01001,female30,F,male10,M
audio01002,female30,F,female19,F
audio01003,male23,M,male1,M
audio01004,male6,M,female19,F
audio01005,male23,M,male27,M
audio01006,male10,M,female3,F
audio01007,female30,F,male7,M
audio01008,male10,M,male7,M
audio01009,female3,F,female18,F
audio01010,male1,M,male27,M
audio01011,female18,F,male6,M
audio01012,male6,M,male7,M
audio01013,male25,M,female22,F
audio01014,female18,F,female19,F
audio01015,female22,F,male10,M
audio01016,male23,M,female21,F
audio01017,male7,M,female10,F
audio01018,male14,M,female30,F
audio01019,male27,M,female3,F
audio01020,female21,F,female19,F
audio01021,female19,F,male10,M
audio01022,male27,M,female22,F
audio01023,male7,M,male14,M
audio01024,female10,F,male25,M
audio01025,female26,F,male14,M
audio01026,male27,M,male23,M
audio01027,female22,F,female10,F
audio01028,female22,F,male10,M
audio01029,male23,M,male6,M
audio01030,male25,M,male7,M
audio01031,male6,M,female3,F
audio01032,female3,F,female19,F
audio01033,female3,F,male27,M
audio01034,female21,F,female3,F
audio01035,female18,F,female21,F
audio01036,female30,F,female22,F
audio01037,male1,M,female19,F
audio01038,male10,M,female18,F
audio01039,female19,F,female3,F
audio01040,male25,M,female26,F
audio01041,male14,M,male27,M
audio01042,female22,F,female19,F
audio01043,female21,F,female19,F
audio01044,male10,M,female10,F
audio01045,female10,F,male6,M
audio01046,female10,F,male25,M
audio01047,male7,M,female26,F
audio01048,male23,M,male1,M
audio01049,female18,F,female26,F
audio01050,female3,F,female30,F
audio01051,female26,F,male7,M
audio01052,female26,F,female30,F
audio01053,male23,M,female26,F
audio01054,male6,M,female18,F
audio01055,male10,M,male7,M
audio01056,female3,F,male25,M
audio01057,female30,F,female26,F
audio01058,male23,M,male25,M
audio01059,male7,M,male10,M
audio01060,male23,M,female3,F
audio01061,female30,F,male1,M
audio01062,male14,M,female3,F
audio01063,female30,F,male27,M
audio01064,female19,F,male23,M
audio01065,male10,M,male1,M
audio01066,male23,M,female30,F
audio01067,male27,M,female30,F
audio01068,male1,M,male7,M
audio01069,female18,F,male6,M
audio01070,male10,M,female26,F
audio01071,male10,M,male1,M
audio01072,male1,M,male23,M
audio01073,female21,F,male23,M
audio01074,male25,M,female18,F
audio01075,male27,M,female30,F
audio01076,female19,F,female30,F
audio01077,male25,M,male1,M
audio01078,female3,F,female18,F
audio01079,female3,F,male7,M
audio01080,male25,M,female19,F
audio01081,female22,F,male6,M
audio01082,male1,M,male23,M
audio01083,male7,M,female18,F
audio01084,female10,F,male6,M
audio01085,female18,F,male10,M
audio01086,female3,F,male7,M
audio01087,female18,F,male23,M
audio01088,male14,M,male7,M
audio01089,female26,F,female18,F
audio01090,female26,F,male25,M
audio01091,male23,M,male10,M
audio01092,female22,F,female21,F
audio01093,male10,M,male23,M
audio01094,female30,F,female19,F
audio01095,male23,M,female30,F
audio01096,male27,M,female26,F
audio01097,male25,M,female22,F
audio01098,male25,M,female30,F
audio01099,female21,F,female3,F
audio01100,male25,M,female21,F
audio01101,male25,M,female30,F
audio01102,female18,F,female30,F
audio01103,male14,M,male10,M
audio01104,male25,M,male10,M
audio01105,female21,F,female18,F
audio01106,female18,F,female3,F
audio01107,female22,F,female10,F
audio01108,female22,F,male6,M
audio01109,male10,M,male6,M
audio01110,male1,M,female19,F
audio01111,female18,F,male7,M
audio01112,female3,F,male1,M
audio01113,female10,F,male14,M
audio01114,male27,M,female26,F
audio01115,female10,F,male1,M
audio01116,male14,M,female3,F
audio01117,female30,F,male14,M
audio01118,male23,M,male6,M
audio01119,male14,M,female19,F
audio01120,male25,M,male6,M
audio01121,male27,M,female22,F
audio01122,male23,M,male1,M
audio01123,female30,F,female19,F
audio01124,male10,M,male25,M
audio01125,male27,M,male25,M
audio01126,female18,F,male1,M
audio01127,female30,F,male25,M
audio01128,female18,F,male7,M
audio01129,male7,M,male1,M
audio01130,male23,M,male1,M
audio01131,female30,F,male7,M
audio01132,male14,M,male6,M
audio01133,male23,M,male14,M
audio01134,female26,F,male7,M
audio01135,male7,M,female10,F
audio01136,male25,M,female22,F
audio01137,male27,M,male23,M
audio01138,female3,F,female21,F
audio01139,female10,F,female3,F
audio01140,female18,F,male10,M
audio01141,male14,M,female10,F
audio01142,female19,F,male1,M
audio01143,male27,M,female18,F
audio01144,female18,F,female22,F
audio01145,male14,M,female22,F
audio01146,female21,F,male27,M
audio01147,male10,M,female22,F
audio01148,male1,M,male6,M
audio01149,male10,M,female26,F
audio01150,male7,M,male10,M
audio01151,male14,M,female22,F
audio01152,male14,M,female30,F
audio01153,male10,M,female30,F
audio01154,female3,F,female18,F
audio01155,male1,M,female18,F
audio01156,male10,M,female22,F
audio01157,male1,M,male25,M
audio01158,female26,F,female21,F
audio01159,male7,M,female19,F
audio01160,male27,M,male10,M
audio01161,male27,M,male10,M
audio01162,male23,M,male1,M
audio01163,female21,F,male1,M
audio01164,male23,M,male6,M
audio01165,male1,M,female19,F
audio01166,female22,F,male1,M
audio01167,male14,M,male7,M
audio01168,female18,F,male25,M
audio01169,male6,M,male25,M
audio01170,female26,F,female19,F
audio01171,male23,M,female30,F
audio01172,male27,M,female19,F
audio01173,male1,M,female19,F
audio01174,male10,M,male25,M
audio01175,male14,M,female22,F
audio01176,female18,F,female19,F
audio01177,male1,M,female3,F
audio01178,male7,M,female19,F
audio01179,male27,M,male1,M
audio01180,male7,M,female22,F
audio01181,female26,F,male10,M
audio01182,female3,F,female18,F
audio01183,male10,M,male23,M
audio01184,male1,M,female22,F
audio01185,male27,M,female18,F
audio01186,male7,M,male10,M
audio01187,male1,M,male10,M
audio01188,male25,M,female18,F
audio01189,female26,F,male10,M
audio01190,male14,M,male10,M
audio01191,female22,F,female3,F
audio01192,male14,M,male10,M
audio01193,female18,F,female3,F
audio01194,male27,M,female19,F
audio01195,male23,M,female18,F
audio01196,male25,M,female22,F
audio01197,female19,F,male1,M
audio01198,male25,M,female19,F
audio01199,female18,F,male23,M
audio01200,male27,M,male1,M
audio01201,female26,F,female30,F
audio01202,female10,F,male10,M
audio01203,female18,F,male14,M
audio01204,female19,F,male6,M
audio01205,female10,F,male25,M
audio01206,female18,F,female21,F
audio01207,male25,M,female26,F
audio01208,female30,F,male6,M
audio01209,male27,M,female21,F
audio01210,male7,M,female22,F
audio01211,female18,F,male6,M
audio01212,male14,M,male27,M
audio01213,male14,M,male10,M
audio01214,female26,F,male10,M
audio01215,male10,M,male1,M
audio01216,female18,F,female10,F
audio01217,female18,F,male27,M
audio01218,male14,M,female19,F
audio01219,male25,M,female30,F
audio01220,female18,F,female26,F
audio01221,male27,M,female18,F
audio01222,male25,M,male23,M
audio01223,female21,F,male10,M
audio01224,female21,F,male1,M
audio01225,female22,F,male6,M
audio01226,male7,M,female3,F
audio01227,male27,M,female10,F
audio01228,female10,F,male1,M
audio01229,female22,F,male10,M
audio01230,male27,M,male7,M
audio01231,female18,F,female3,F
audio01232,female18,F,male27,M
audio01233,male10,M,female18,F
audio01234,male27,M,female18,F
audio01235,male10,M,male23,M
audio01236,female18,F,male23,M
audio01237,female21,F,male23,M
audio01238,female3,F,female30,F
audio01239,male1,M,male27,M
audio01240,female22,F,male23,M
audio01241,female26,F,female19,F
audio01242,female22,F,male23,M
audio01243,female26,F,male23,M
audio01244,female30,F,female26,F
audio01245,female30,F,male14,M
audio01246,male7,M,male14,M
audio01247,female3,F,female22,F
audio01248,female18,F,male14,M
audio01249,male14,M,female21,F
audio01250,female3,F,female19,F
audio01251,male23,M,female21,F
audio01252,female3,F,male27,M
audio01253,female22,F,female26,F
audio01254,female21,F,male7,M
audio01255,male14,M,male23,M
audio01256,male23,M,male25,M
audio01257,female18,F,male7,M
audio01258,male10,M,female19,F
audio01259,male23,M,female21,F
audio01260,male1,M,male14,M
audio01261,male27,M,male7,M
audio01262,male6,M,female19,F
audio01263,female3,F,female18,F
audio01264,male27,M,female30,F
audio01265,female3,F,female30,F
audio01266,male7,M,male14,M
audio01267,female19,F,male23,M
audio01268,male23,M,female3,F
audio01269,female30,F,female21,F
audio01270,female22,F,male14,M
audio01271,male6,M,female22,F
audio01272,female26,F,male10,M
audio01273,male14,M,male27,M
audio01274,male6,M,female30,F
audio01275,male27,M,male1,M
audio01276,male1,M,male10,M
audio01277,male14,M,male27,M
audio01278,female22,F,male6,M
audio01279,male23,M,male14,M
audio01280,male25,M,female18,F
audio01281,male25,M,female21,F
audio01282,male10,M,female18,F
audio01283,female18,F,male25,M
audio01284,male25,M,male7,M
audio01285,female3,F,male1,M
audio01286,female18,F,male25,M
audio01287,female30,F,female22,F
audio01288,female26,F,male14,M
audio01289,female3,F,male7,M
audio01290,male10,M,female19,F
audio01291,female18,F,female21,F
audio01292,male25,M,male6,M
audio01293,female18,F,female3,F
audio01294,male14,M,female3,F
audio01295,male14,M,male10,M
audio01296,male7,M,male10,M
audio01297,male1,M,female3,F
audio01298,male27,M,female19,F
audio01299,male1,M,female19,F
audio01300,male1,M,female10,F
audio01301,male23,M,male14,M
audio01302,female18,F,female30,F
audio01303,female26,F,female22,F
audio01304,female3,F,female22,F
audio01305,male23,M,male7,M
audio01306,female19,F,female22,F
audio01307,male25,M,female18,F
audio01308,male10,M,male27,M
audio01309,female19,F,female21,F
audio01310,male23,M,female18,F
audio01311,male7,M,male27,M
audio01312,female18,F,female26,F
audio01313,male7,M,male27,M
audio01314,male7,M,female30,F
audio01315,female22,F,female18,F
audio01316,female26,F,male27,M
audio01317,male6,M,male10,M
audio01318,female18,F,male10,M
audio01319,female30,F,male7,M
audio01320,female3,F,male14,M
audio01321,male25,M,female18,F
audio01322,male10,M,male7,M
audio01323,female10,F,male23,M
audio01324,male7,M,female19,F
audio01325,female26,F,male23,M
audio01326,male6,M,male14,M
audio01327,male27,M,male23,M
audio01328,female21,F,male25,M
audio01329,male10,M,female21,F
audio01330,male6,M,female30,F
audio01331,male23,M,female18,F
audio01332,male23,M,female19,F
audio01333,female30,F,male10,M
audio01334,female30,F,male10,M
audio01335,female30,F,female21,F
audio01336,male7,M,male1,M
audio01337,male7,M,female10,F
audio01338,female26,F,male6,M
audio01339,female30,F,female3,F
audio01340,male7,M,female3,F
audio01341,female3,F,male23,M
audio01342,male27,M,female22,F
audio01343,male7,M,male25,M
audio01344,female26,F,male1,M
audio01345,male14,M,female30,F
audio01346,male25,M,male27,M
audio01347,female30,F,female19,F
audio01348,female18,F,male23,M
audio01349,female10,F,male27,M
audio01350,male10,M,female22,F
audio01351,male23,M,male1,M
audio01352,male14,M,female18,F
audio01353,male1,M,male6,M
audio01354,female19,F,male27,M
audio01355,male14,M,female18,F
audio01356,male25,M,female3,F
audio01357,male23,M,male6,M
audio01358,male27,M,male1,M
audio01359,female18,F,male27,M
audio01360,female3,F,male25,M
audio01361,male27,M,female18,F
audio01362,female19,F,female30,F
audio01363,male1,M,female22,F
audio01364,female22,F,female3,F
audio01365,female18,F,male10,M
audio01366,male1,M,male6,M
audio01367,male25,M,female22,F
audio01368,male1,M,male25,M
audio01369,male25,M,female18,F
audio01370,female3,F,male10,M
audio01371,female21,F,female3,F
audio01372,female21,F,male23,M
audio01373,female21,F,female22,F
audio01374,male6,M,female21,F
audio01375,male25,M,female26,F
audio01376,male14,M,female18,F
audio01377,female30,F,male25,M
audio01378,male25,M,male6,M
audio01379,female18,F,male7,M
audio01380,male7,M,male1,M
audio01381,female19,F,male23,M
audio01382,female30,F,male6,M
audio01383,male6,M,female30,F
audio01384,male14,M,male25,M
audio01385,female19,F,male7,M
audio01386,female19,F,female21,F
audio01387,female3,F,male6,M
audio01388,male10,M,male23,M
audio01389,male6,M,female30,F
audio01390,male6,M,male10,M
audio01391,female21,F,female22,F
audio01392,female10,F,male1,M
audio01393,female21,F,female10,F
audio01394,male14,M,male7,M
audio01395,male23,M,male7,M
audio01396,female30,F,male14,M
audio01397,male6,M,male7,M
audio01398,female22,F,male23,M
audio01399,female3,F,male6,M
audio01400,female21,F,male23,M
audio01401,male10,M,female18,F
audio01402,male25,M,female26,F
audio01403,male23,M,male6,M
audio01404,male10,M,female26,F
audio01405,female26,F,female21,F
audio01406,female3,F,male27,M
audio01407,male10,M,male7,M
audio01408,male1,M,female22,F
audio01409,male6,M,female19,F
audio01410,male10,M,female22,F
audio01411,female18,F,male10,M
audio01412,female10,F,female26,F
audio01413,female3,F,male10,M
audio01414,female19,F,male6,M
audio01415,female22,F,female18,F
audio01416,female22,F,female19,F
audio01417,female22,F,male1,M
audio01418,female18,F,male6,M
audio01419,female19,F,female22,F
audio01420,female22,F,male6,M
audio01421,male23,M,male10,M
audio01422,female30,F,male10,M
audio01423,female18,F,female26,F
audio01424,male25,M,female19,F
audio01425,male23,M,male25,M
audio01426,male27,M,female10,F
audio01427,male27,M,female18,F
audio01428,female19,F,male23,M
audio01429,male6,M,male14,M
audio01430,male1,M,female10,F
audio01431,male23,M,male10,M
audio01432,male27,M,female18,F
audio01433,female19,F,male6,M
audio01434,female19,F,male7,M
audio01435,male14,M,female30,F
audio01436,male23,M,male6,M
audio01437,male10,M,male6,M
audio01438,female10,F,male1,M
audio01439,female30,F,male25,M
audio01440,female21,F,female3,F
audio01441,male25,M,female18,F
audio01442,male25,M,female30,F
audio01443,male6,M,female30,F
audio01444,female10,F,male6,M
audio01445,male6,M,female22,F
audio01446,male23,M,male14,M
audio01447,female19,F,female30,F
audio01448,female3,F,female30,F
audio01449,female30,F,female21,F
audio01450,female10,F,male25,M
audio01451,male23,M,male27,M
audio01452,female30,F,male1,M
audio01453,male23,M,female18,F
audio01454,male1,M,male27,M
audio01455,male23,M,male10,M
audio01456,female3,F,female19,F
audio01457,female18,F,male10,M
audio01458,female18,F,male27,M
audio01459,male23,M,female26,F
audio01460,female30,F,female19,F
audio01461,male14,M,female21,F
audio01462,male25,M,male10,M
audio01463,female10,F,female30,F
audio01464,female10,F,female26,F
audio01465,male1,M,female22,F
audio01466,male23,M,male25,M
audio01467,female3,F,male25,M
audio01468,male1,M,female19,F
audio01469,male1,M,female30,F
audio01470,male27,M,female30,F
audio01471,female18,F,female19,F
audio01472,male1,M,male27,M
audio01473,male1,M,male27,M
audio01474,male27,M,female3,F
audio01475,female19,F,male7,M
audio01476,male27,M,male10,M
audio01477,female22,F,female19,F
audio01478,male14,M,female10,F
audio01479,female18,F,male10,M
audio01480,female21,F,female19,F
audio01481,male1,M,male27,M
audio01482,male7,M,male10,M
audio01483,male23,M,male25,M
audio01484,female26,F,female18,F
audio01485,female19,F,female22,F
audio01486,male23,M,female22,F
audio01487,female26,F,female3,F
audio01488,female30,F,male27,M
audio01489,male7,M,female18,F
audio01490,female19,F,male6,M
audio01491,female3,F,male1,M
audio01492,female21,F,female18,F
audio01493,female22,F,female10,F
audio01494,male6,M,female18,F
audio01495,female18,F,female22,F
audio01496,male27,M,male6,M
audio01497,female3,F,female22,F
audio01498,male1,M,male25,M
audio01499,female22,F,male6,M
audio01500,male6,M,male1,M
audio01501,female26,F,female3,F
audio01502,male25,M,female21,F
audio01503,male1,M,male14,M
audio01504,female22,F,female18,F
audio01505,female19,F,female30,F
audio01506,female26,F,female19,F
audio01507,male1,M,male7,M
audio01508,female21,F,female3,F
audio01509,female30,F,male27,M
audio01510,female26,F,male23,M
audio01511,female18,F,male1,M
audio01512,female19,F,male27,M
audio01513,female26,F,female30,F
audio01514,male1,M,female10,F
audio01515,female19,F,male10,M
audio01516,male14,M,male10,M
audio01517,female30,F,female26,F
audio01518,female18,F,male23,M
audio01519,male1,M,female3,F
audio01520,male27,M,female21,F
audio01521,female19,F,male25,M
audio01522,female30,F,female22,F
audio01523,male10,M,male7,M
audio01524,male14,M,female10,F
audio01525,male14,M,female3,F
audio01526,male1,M,female21,F
audio01527,female26,F,male27,M
audio01528,male10,M,male23,M
audio01529,male6,M,female3,F
audio01530,male1,M,female22,F
audio01531,male25,M,female21,F
audio01532,female22,F,male27,M
audio01533,male7,M,male23,M
audio01534,male14,M,female22,F
audio01535,male6,M,male23,M
audio01536,male23,M,female22,F
audio01537,female26,F,male27,M
audio01538,female21,F,male23,M
audio01539,male1,M,female18,F
audio01540,female3,F,female18,F
audio01541,male14,M,male27,M
audio01542,female22,F,female30,F
audio01543,female18,F,male25,M
audio01544,female18,F,female21,F
audio01545,male1,M,female10,F
audio01546,male10,M,male1,M
audio01547,female22,F,male7,M
audio01548,male23,M,male7,M
audio01549,female18,F,male6,M
audio01550,male27,M,female26,F
audio01551,female30,F,female19,F
audio01552,female30,F,female21,F
audio01553,male14,M,male7,M
audio01554,male27,M,female19,F
audio01555,male27,M,male23,M
audio01556,male14,M,female22,F
audio01557,male27,M,female10,F
audio01558,male27,M,male10,M
audio01559,male23,M,male7,M
audio01560,male14,M,male1,M
audio01561,female3,F,female10,F
audio01562,male10,M,female18,F
audio01563,female30,F,male14,M
audio01564,male1,M,female22,F
audio01565,female19,F,female26,F
audio01566,female18,F,male25,M
audio01567,female22,F,male14,M
audio01568,female22,F,female10,F
audio01569,female19,F,female3,F
audio01570,female19,F,male10,M
audio01571,male14,M,male23,M
audio01572,male7,M,female19,F
audio01573,female30,F,male14,M
audio01574,female26,F,female19,F
audio01575,female22,F,female30,F
audio01576,female18,F,male14,M
audio01577,male14,M,female30,F
audio01578,female18,F,male14,M
audio01579,male1,M,female26,F
audio01580,female30,F,male14,M
audio01581,female10,F,female21,F
audio01582,female30,F,female22,F
audio01583,male1,M,female22,F
audio01584,female10,F,female18,F
audio01585,male27,M,female19,F
audio01586,female18,F,male14,M
audio01587,male10,M,male6,M
audio01588,male10,M,male7,M
audio01589,female18,F,male1,M
audio01590,male6,M,male14,M
audio01591,male7,M,female26,F
audio01592,male23,M,male7,M
audio01593,female30,F,male27,M
audio01594,female19,F,male7,M
audio01595,female21,F,male6,M
audio01596,male25,M,male14,M
audio01597,male14,M,female3,F
audio01598,male1,M,female21,F
audio01599,female30,F,male7,M
audio01600,female30,F,male25,M
audio01601,male27,M,female10,F
audio01602,female10,F,male27,M
audio01603,female26,F,male6,M
audio01604,male23,M,male25,M
audio01605,female18,F,male23,M
audio01606,male1,M,female30,F
audio01607,female22,F,male10,M
audio01608,male25,M,male10,M
audio01609,male27,M,male6,M
audio01610,male10,M,female21,F
audio01611,male10,M,male6,M
audio01612,female21,F,female30,F
audio01613,male14,M,female22,F
audio01614,female22,F,female30,F
audio01615,male1,M,female10,F
audio01616,male6,M,male10,M
audio01617,male10,M,male7,M
audio01618,female10,F,male23,M
audio01619,female10,F,female3,F
audio01620,male7,M,female19,F
audio01621,male14,M,male7,M
audio01622,male10,M,female26,F
audio01623,male14,M,male6,M
audio01624,male27,M,male7,M
audio01625,male25,M,female26,F
audio01626,female19,F,female18,F
audio01627,male23,M,female18,F
audio01628,male23,M,male1,M
audio01629,male1,M,male14,M
audio01630,female18,F,male14,M
audio01631,male7,M,female10,F
audio01632,male6,M,male14,M
audio01633,male25,M,female26,F
audio01634,female21,F,female22,F
audio01635,female18,F,male27,M
audio01636,female3,F,male27,M
audio01637,male25,M,female22,F
audio01638,male27,M,female21,F
audio01639,female21,F,male1,M
audio01640,male27,M,male23,M
audio01641,male23,M,female30,F
audio01642,female19,F,female21,F
audio01643,male7,M,female30,F
audio01644,female3,F,male25,M
audio01645,female18,F,female30,F
audio01646,male1,M,female3,F
audio01647,female21,F,female18,F
audio01648,male1,M,male27,M
audio01649,female3,F,female18,F
audio01650,male23,M,female19,F
audio01651,male7,M,male1,M
audio01652,female21,F,male10,M
audio01653,female30,F,male14,M
audio01654,female21,F,male6,M
audio01655,female10,F,male27,M
audio01656,female22,F,male7,M
audio01657,female19,F,male25,M
audio01658,male25,M,female26,F
audio01659,male14,M,female18,F
audio01660,female26,F,male14,M
audio01661,male23,M,female30,F
audio01662,male25,M,female26,F
audio01663,male25,M,female18,F
audio01664,male7,M,female30,F
audio01665,male6,M,female19,F
audio01666,female19,F,male27,M
audio01667,male1,M,female19,F
audio01668,male25,M,male23,M
audio01669,female21,F,male23,M
audio01670,female19,F,male23,M
audio01671,female22,F,male1,M
audio01672,female10,F,male6,M
audio01673,male1,M,female19,F
audio01674,female21,F,male1,M
audio01675,male1,M,male23,M
audio01676,male6,M,female18,F
audio01677,male6,M,male1,M
audio01678,male6,M,female21,F
audio01679,female22,F,female3,F
audio01680,male1,M,female22,F
audio01681,male25,M,male23,M
audio01682,female18,F,female30,F
audio01683,male14,M,male6,M
audio01684,female19,F,male10,M
audio01685,male1,M,male10,M
audio01686,female26,F,male6,M
audio01687,male25,M,male1,M
audio01688,male23,M,male27,M
audio01689,male10,M,male25,M
audio01690,male23,M,male27,M
audio01691,male23,M,female18,F
audio01692,female21,F,male10,M
audio01693,male7,M,female10,F
audio01694,female10,F,male14,M
audio01695,female19,F,female10,F
audio01696,female19,F,female30,F
audio01697,male14,M,female19,F
audio01698,male10,M,female21,F
audio01699,male25,M,female10,F
audio01700,male23,M,male25,M
audio01701,male1,M,female21,F
audio01702,female10,F,female26,F
audio01703,male1,M,male23,M
audio01704,female30,F,female3,F
audio01705,male27,M,female10,F
audio01706,male10,M,male23,M
audio01707,male1,M,female21,F
audio01708,female18,F,male10,M
audio01709,male27,M,female26,F
audio01710,female19,F,male7,M
audio01711,female26,F,male23,M
audio01712,female19,F,female18,F
audio01713,female21,F,female19,F
audio01714,male10,M,male6,M
audio01715,female3,F,male7,M
audio01716,male27,M,male23,M
audio01717,female18,F,male7,M
audio01718,female22,F,male1,M
audio01719,male25,M,male10,M
audio01720,female19,F,female3,F
audio01721,male14,M,female18,F
audio01722,male25,M,female18,F
audio01723,male25,M,male7,M
audio01724,male14,M,male23,M
audio01725,female21,F,male7,M
audio01726,female30,F,female3,F
audio01727,female19,F,male7,M
audio01728,male25,M,female30,F
audio01729,male10,M,male23,M
audio01730,female30,F,female22,F
audio01731,male1,M,male10,M
audio01732,male25,M,female10,F
audio01733,female19,F,male27,M
audio01734,male10,M,male23,M
audio01735,female30,F,female19,F
audio01736,female30,F,female18,F
audio01737,male7,M,female26,F
audio01738,female3,F,male10,M
audio01739,female30,F,female3,F
audio01740,male10,M,female19,F
audio01741,female19,F,male23,M
audio01742,female19,F,female21,F
audio01743,female21,F,male7,M
audio01744,male7,M,male23,M
audio01745,female30,F,male25,M
audio01746,male25,M,female26,F
audio01747,female10,F,male27,M
audio01748,female26,F,male25,M
audio01749,female3,F,female30,F
audio01750,female22,F,female3,F
audio01751,female18,F,female26,F
audio01752,male6,M,male1,M
audio01753,female3,F,male1,M
audio01754,female19,F,male27,M
audio01755,male1,M,female18,F
audio01756,male6,M,female3,F
audio01757,male7,M,female21,F
audio01758,male6,M,female26,F
audio01759,male10,M,female30,F
audio01760,female26,F,male14,M
audio01761,male6,M,male25,M
audio01762,male25,M,female19,F
audio01763,female19,F,male14,M
audio01764,male1,M,female3,F
audio01765,female10,F,female3,F
audio01766,male1,M,male6,M
audio01767,male27,M,male14,M
audio01768,male7,M,male6,M
audio01769,female19,F,female3,F
audio01770,female3,F,female22,F
audio01771,male23,M,female21,F
audio01772,male7,M,male23,M
audio01773,male25,M,female22,F
audio01774,female18,F,female26,F
audio01775,male7,M,male10,M
audio01776,female3,F,male6,M
audio01777,male7,M,female21,F
audio01778,male23,M,female30,F
audio01779,female26,F,female18,F
audio01780,female22,F,female26,F
audio01781,female3,F,female21,F
audio01782,male1,M,male25,M
audio01783,male23,M,male25,M
audio01784,female30,F,male27,M
audio01785,male25,M,male14,M
audio01786,female18,F,female21,F
audio01787,female3,F,female22,F
audio01788,male23,M,male1,M
audio01789,male1,M,male27,M
audio01790,male7,M,female30,F
audio01791,female10,F,female26,F
audio01792,female19,F,female18,F
audio01793,male10,M,female10,F
audio01794,male27,M,female26,F
audio01795,male23,M,male1,M
audio01796,male25,M,female10,F
audio01797,male7,M,female22,F
audio01798,female10,F,male27,M
audio01799,male27,M,female18,F
audio01800,female22,F,female19,F
audio01801,male27,M,female22,F
audio01802,male7,M,male14,M
audio01803,male6,M,female30,F
audio01804,male7,M,male1,M
audio01805,female30,F,male6,M
audio01806,male7,M,female21,F
audio01807,male1,M,female3,F
audio01808,male27,M,male1,M
audio01809,male6,M,male7,M
audio01810,female3,F,male23,M
audio01811,male10,M,male23,M
audio01812,female19,F,female30,F
audio01813,male6,M,male10,M
audio01814,male25,M,female26,F
audio01815,male14,M,female30,F
audio01816,female30,F,female10,F
audio01817,male27,M,male6,M
audio01818,female18,F,female30,F
audio01819,female3,F,male25,M
audio01820,female21,F,male14,M
audio01821,male7,M,male23,M
audio01822,female18,F,female19,F
audio01823,male7,M,female26,F
audio01824,male1,M,female30,F
audio01825,female18,F,male25,M
audio01826,female10,F,male27,M
audio01827,female21,F,female18,F
audio01828,male6,M,male25,M
audio01829,female22,F,female30,F
audio01830,male10,M,female19,F
audio01831,female19,F,female26,F
audio01832,male6,M,male23,M
audio01833,female30,F,female21,F
audio01834,female21,F,male1,M
audio01835,female30,F,male10,M
audio01836,male27,M,male1,M
audio01837,male27,M,female18,F
audio01838,male10,M,female18,F
audio01839,female19,F,male27,M
audio01840,male27,M,male10,M
audio01841,male25,M,male6,M
audio01842,male23,M,male10,M
audio01843,female22,F,male7,M
audio01844,female30,F,male25,M
audio01845,female21,F,male6,M
audio01846,female19,F,male7,M
audio01847,male10,M,female19,F
audio01848,female10,F,male10,M
audio01849,male10,M,female22,F
audio01850,female21,F,female22,F
audio01851,female26,F,male27,M
audio01852,female30,F,male10,M
audio01853,male6,M,male14,M
audio01854,male7,M,male1,M
audio01855,male23,M,female26,F
audio01856,male23,M,female21,F
audio01857,female18,F,male25,M
audio01858,female18,F,female3,F
audio01859,female3,F,male7,M
audio01860,female30,F,male7,M
audio01861,male7,M,female19,F
audio01862,male27,M,female19,F
audio01863,female22,F,female10,F
audio01864,female30,F,male23,M
audio01865,male25,M,female10,F
audio01866,male6,M,female21,F
audio01867,male10,M,female30,F
audio01868,female19,F,female22,F
audio01869,female26,F,female21,F
audio01870,male7,M,female18,F
audio01871,female22,F,female21,F
audio01872,female22,F,female10,F
audio01873,male7,M,female30,F
audio01874,female30,F,male14,M
audio01875,female3,F,male27,M
audio01876,female19,F,male27,M
audio01877,male27,M,female21,F
audio01878,female21,F,female18,F
audio01879,female21,F,female18,F
audio01880,female30,F,male14,M
audio01881,male27,M,female22,F
audio01882,female26,F,female30,F
audio01883,female30,F,male23,M
audio01884,female30,F,male25,M
audio01885,female10,F,female26,F
audio01886,female26,F,male10,M
audio01887,female18,F,male25,M
audio01888,male14,M,female18,F
audio01889,male23,M,female22,F
audio01890,female3,F,female10,F
audio01891,male23,M,male6,M
audio01892,male6,M,male27,M
audio01893,male1,M,female19,F
audio01894,female30,F,male23,M
audio01895,male1,M,female3,F
audio01896,male6,M,male1,M
audio01897,male6,M,female10,F
audio01898,male10,M,male6,M
audio01899,female3,F,female10,F
audio01900,female10,F,female21,F
audio01901,male27,M,male14,M
audio01902,female18,F,female26,F
audio01903,female22,F,male1,M
audio01904,male27,M,male1,M
audio01905,male23,M,male10,M
audio01906,male10,M,female18,F
audio01907,male6,M,male25,M
audio01908,male10,M,male25,M
audio01909,male10,M,male23,M
audio01910,female30,F,male25,M
audio01911,female19,F,female22,F
audio01912,male1,M,female21,F
audio01913,female26,F,male10,M
audio01914,male23,M,male10,M
audio01915,female30,F,male1,M
audio01916,female21,F,male27,M
audio01917,female22,F,male25,M
audio01918,male10,M,female3,F
audio01919,female18,F,male14,M
audio01920,male14,M,male23,M
audio01921,male27,M,female19,F
audio01922,female18,F,female21,F
audio01923,female30,F,female19,F
audio01924,female18,F,female22,F
audio01925,male1,M,male23,M
audio01926,female22,F,male10,M
audio01927,male7,M,female19,F
audio01928,female3,F,male7,M
audio01929,female18,F,female26,F
audio01930,male7,M,female18,F
audio01931,female22,F,male14,M
audio01932,female26,F,female19,F
audio01933,male7,M,male1,M
audio01934,male10,M,female10,F
audio01935,female21,F,male1,M
audio01936,male10,M,female22,F
audio01937,male27,M,male23,M
audio01938,male23,M,female10,F
audio01939,female22,F,male23,M
audio01940,male1,M,male14,M
audio01941,female10,F,female22,F
audio01942,female19,F,male23,M
audio01943,female18,F,male23,M
audio01944,male6,M,female10,F
audio01945,female3,F,female18,F
audio01946,male7,M,female19,F
audio01947,male25,M,female22,F
audio01948,male10,M,male7,M
audio01949,female26,F,female22,F
audio01950,female30,F,female22,F
audio01951,female26,F,male14,M
audio01952,male6,M,female3,F
audio01953,male25,M,male14,M
audio01954,male14,M,female22,F
audio01955,female10,F,female21,F
audio01956,male14,M,female30,F
audio01957,female21,F,male14,M
audio01958,male25,M,male27,M
audio01959,male23,M,female22,F
audio01960,male7,M,male23,M
audio01961,female10,F,male27,M
audio01962,female30,F,female3,F
audio01963,male27,M,male14,M
audio01964,male27,M,female26,F
audio01965,female21,F,male10,M
audio01966,female3,F,male6,M
audio01967,female30,F,male10,M
audio01968,male23,M,male1,M
audio01969,male23,M,female19,F
audio01970,female3,F,male25,M
audio01971,female18,F,male10,M
audio01972,female10,F,female26,F
audio01973,male25,M,female22,F
audio01974,male1,M,female10,F
audio01975,male6,M,female18,F
audio01976,male23,M,female18,F
audio01977,male14,M,female30,F
audio01978,male27,M,female22,F
audio01979,male23,M,male7,M
audio01980,female3,F,male14,M
audio01981,male1,M,male23,M
audio01982,female30,F,male23,M
audio01983,female18,F,female3,F
audio01984,male14,M,female18,F
audio01985,female30,F,male27,M
audio01986,male14,M,female3,F
audio01987,male10,M,female30,F
audio01988,female19,F,female21,F
audio01989,female18,F,female21,F
audio01990,female18,F,female30,F
audio01991,male1,M,male27,M
audio01992,female22,F,female18,F
audio01993,female22,F,male25,M
audio01994,female10,F,male27,M
audio01995,male10,M,male1,M
audio01996,female30,F,male25,M
audio01997,female18,F,female3,F
audio01998,female21,F,male10,M
audio01999,male23,M,male25,M
audio02000,male10,M,male14,M
audio02001,male14,M,female22,F
audio02002,male23,M,female21,F
audio02003,female30,F,female3,F
audio02004,male1,M,male7,M
audio02005,female18,F,female30,F
audio02006,male25,M,male7,M
audio02007,male6,M,male27,M
audio02008,female21,F,male10,M
audio02009,female3,F,female10,F
audio02010,female30,F,male23,M
audio02011,male7,M,female10,F
audio02012,male7,M,female3,F
audio02013,female26,F,male7,M
audio02014,female18,F,male23,M
audio02015,male25,M,female10,F
audio02016,male23,M,female30,F
audio02017,female26,F,male1,M
audio02018,female3,F,male6,M
audio02019,female18,F,female22,F
audio02020,female19,F,male7,M
audio02021,male10,M,male23,M
audio02022,male23,M,female10,F
audio02023,female22,F,female21,F
audio02024,female26,F,male6,M
audio02025,male7,M,female19,F
audio02026,male23,M,female10,F
audio02027,female3,F,male27,M
audio02028,female26,F,female18,F
audio02029,male6,M,male1,M
audio02030,male6,M,female10,F
audio02031,female19,F,male27,M
audio02032,male10,M,female30,F
audio02033,female18,F,female19,F
audio02034,male23,M,female19,F
audio02035,female3,F,female22,F
audio02036,male23,M,female19,F
audio02037,female18,F,female3,F
audio02038,female30,F,female18,F
audio02039,female30,F,male14,M
audio02040,female30,F,female22,F
audio02041,male6,M,female22,F
audio02042,female30,F,female18,F
audio02043,male14,M,female18,F
audio02044,female21,F,male23,M
audio02045,female30,F,male25,M
audio02046,female21,F,female3,F
audio02047,male27,M,female30,F
audio02048,female22,F,male6,M
audio02049,male25,M,male14,M
audio02050,male6,M,female18,F
audio02051,male7,M,male25,M
audio02052,male10,M,male1,M
audio02053,male1,M,male14,M
audio02054,male7,M,male23,M
audio02055,male7,M,female3,F
audio02056,female10,F,female18,F
audio02057,male14,M,female21,F
audio02058,female21,F,male10,M
audio02059,female30,F,male23,M
audio02060,male27,M,male14,M
audio02061,female22,F,female21,F
audio02062,male27,M,female3,F
audio02063,female3,F,male1,M
audio02064,male7,M,female10,F
audio02065,female19,F,male23,M
audio02066,female22,F,female21,F
audio02067,female18,F,female10,F
audio02068,male6,M,male23,M
audio02069,male7,M,male25,M
audio02070,male7,M,male25,M
audio02071,male7,M,female19,F
audio02072,male1,M,female30,F
audio02073,male23,M,female21,F
audio02074,male14,M,male7,M
audio02075,female3,F,male10,M
audio02076,male27,M,male23,M
audio02077,male1,M,male7,M
audio02078,female30,F,male10,M
audio02079,female30,F,male27,M
audio02080,female30,F,male10,M
audio02081,female22,F,male23,M
audio02082,female3,F,female26,F
audio02083,male6,M,female3,F
audio02084,female18,F,male7,M
audio02085,female18,F,male1,M
audio02086,female22,F,female30,F
audio02087,female19,F,male27,M
audio02088,female18,F,male1,M
audio02089,female19,F,male7,M
audio02090,male7,M,male25,M
audio02091,female19,F,male10,M
audio02092,male7,M,female30,F
audio02093,female22,F,female26,F
audio02094,female21,F,male23,M
audio02095,female19,F,female3,F
audio02096,female21,F,male27,M
audio02097,male6,M,female30,F
audio02098,male14,M,female22,F
audio02099,female3,F,male1,M
audio02100,male25,M,female22,F
audio02101,male10,M,male6,M
audio02102,male27,M,female19,F
audio02103,female22,F,female18,F
audio02104,female30,F,female21,F
audio02105,male7,M,female10,F
audio02106,male1,M,female19,F
audio02107,male7,M,male23,M
audio02108,female3,F,male10,M
audio02109,female18,F,male7,M
audio02110,male27,M,male25,M
audio02111,male10,M,female18,F
audio02112,female22,F,male14,M
audio02113,male27,M,female22,F
audio02114,male27,M,female21,F
audio02115,male1,M,male10,M
audio02116,male27,M,female21,F
audio02117,male1,M,female30,F
audio02118,female26,F,male1,M
audio02119,male25,M,female30,F
audio02120,female18,F,male6,M
audio02121,male7,M,female30,F
audio02122,male7,M,male14,M
audio02123,male25,M,female10,F
audio02124,female22,F,female10,F
audio02125,female22,F,female10,F
audio02126,female21,F,male14,M
audio02127,male23,M,male10,M
audio02128,female22,F,male7,M
audio02129,female10,F,female19,F
audio02130,male10,M,male27,M
audio02131,male25,M,male6,M
audio02132,female10,F,female19,F
audio02133,male6,M,male7,M
audio02134,female30,F,female18,F
audio02135,female21,F,female10,F
audio02136,male25,M,female22,F
audio02137,male7,M,female19,F
audio02138,male1,M,female22,F
audio02139,male10,M,male25,M
audio02140,male27,M,female26,F
audio02141,male6,M,male7,M
audio02142,male14,M,female22,F
audio02143,female18,F,male1,M
audio02144,male27,M,female19,F
audio02145,male23,M,male6,M
audio02146,female10,F,female30,F
audio02147,female26,F,male25,M
audio02148,female3,F,female30,F
audio02149,male1,M,male27,M
audio02150,female26,F,female3,F
audio02151,male6,M,female30,F
audio02152,female18,F,male23,M
audio02153,male23,M,male1,M
audio02154,female26,F,male6,M
audio02155,male7,M,male25,M
audio02156,male14,M,male6,M
audio02157,male6,M,male1,M
audio02158,male25,M,male23,M
audio02159,male7,M,female30,F
audio02160,male25,M,female26,F
audio02161,male6,M,female3,F
audio02162,female19,F,male7,M
audio02163,male7,M,male25,M
audio02164,male7,M,female22,F
audio02165,female18,F,female30,F
audio02166,female10,F,female18,F
audio02167,male10,M,male1,M
audio02168,male1,M,male6,M
audio02169,male25,M,male23,M
audio02170,female3,F,female26,F
audio02171,female3,F,male1,M
audio02172,male1,M,male6,M
audio02173,female30,F,female10,F
audio02174,male14,M,male27,M
audio02175,female19,F,female21,F
audio02176,male1,M,female21,F
audio02177,female26,F,female22,F
audio02178,male23,M,female21,F
audio02179,female22,F,female19,F
audio02180,male6,M,female21,F
audio02181,male6,M,male10,M
audio02182,male25,M,male6,M
audio02183,female19,F,male1,M
audio02184,female3,F,female22,F
audio02185,female18,F,male10,M
audio02186,male1,M,male6,M
audio02187,female26,F,male1,M
audio02188,female18,F,female30,F
audio02189,female10,F,female3,F
audio02190,female19,F,male25,M
audio02191,male10,M,female19,F
audio02192,female30,F,female21,F
audio02193,male10,M,male1,M
audio02194,female3,F,female26,F
audio02195,male1,M,female18,F
audio02196,female3,F,male7,M
audio02197,female18,F,male27,M
audio02198,male7,M,male25,M
audio02199,female3,F,male25,M
audio02200,female30,F,male1,M
audio02201,male25,M,male1,M
audio02202,male7,M,male1,M
audio02203,female26,F,male10,M
audio02204,male27,M,male1,M
audio02205,male10,M,male25,M
audio02206,male1,M,female18,F
audio02207,female19,F,male23,M
audio02208,male10,M,male6,M
audio02209,female21,F,male1,M
audio02210,female30,F,female22,F
audio02211,female26,F,female10,F
audio02212,male25,M,female26,F
audio02213,male23,M,male1,M
audio02214,male23,M,male1,M
audio02215,female30,F,male25,M
audio02216,male25,M,female22,F
audio02217,male10,M,female10,F
audio02218,male25,M,male10,M
audio02219,male1,M,male6,M
audio02220,female22,F,female18,F
audio02221,male27,M,male10,M
audio02222,male10,M,female3,F
audio02223,male14,M,male23,M
audio02224,male10,M,male7,M
audio02225,male25,M,male23,M
audio02226,female21,F,female19,F
audio02227,male1,M,female3,F
audio02228,female19,F,female30,F
audio02229,female21,F,male7,M
audio02230,female26,F,male7,M
audio02231,female19,F,male27,M
audio02232,male7,M,female18,F
audio02233,male6,M,male10,M
audio02234,male14,M,male7,M
audio02235,male10,M,male7,M
audio02236,female3,F,female19,F
audio02237,male23,M,female30,F
audio02238,female18,F,female21,F
audio02239,male25,M,female30,F
audio02240,female26,F,female10,F
audio02241,male23,M,female18,F
audio02242,female26,F,male25,M
audio02243,male1,M,female30,F
audio02244,male25,M,female19,F
audio02245,female22,F,male27,M
audio02246,male23,M,female30,F
audio02247,female30,F,female18,F
audio02248,female22,F,female18,F
audio02249,female22,F,female21,F
audio02250,male7,M,male14,M
audio02251,male1,M,female18,F
audio02252,male25,M,female26,F
audio02253,male10,M,male1,M
audio02254,female18,F,female21,F
audio02255,male7,M,male1,M
audio02256,female18,F,female26,F
audio02257,male1,M,male7,M
audio02258,male6,M,male7,M
audio02259,male10,M,male1,M
audio02260,male25,M,female22,F
audio02261,male27,M,female3,F
audio02262,male14,M,male1,M
audio02263,male10,M,male6,M
audio02264,male10,M,male7,M
audio02265,female21,F,male25,M
audio02266,female19,F,female3,F
audio02267,female30,F,male14,M
audio02268,male6,M,female30,F
audio02269,male23,M,female26,F
audio02270,female22,F,female30,F
audio02271,female19,F,female10,F
audio02272,male7,M,male23,M
audio02273,male10,M,female26,F
audio02274,male27,M,female19,F
audio02275,male14,M,male27,M
audio02276,female18,F,female30,F
audio02277,female21,F,female26,F
audio02278,female30,F,female19,F
audio02279,male1,M,male10,M
audio02280,male7,M,male27,M
audio02281,female3,F,female18,F
audio02282,male6,M,female22,F
audio02283,male1,M,male25,M
audio02284,male27,M,female10,F
audio02285,male27,M,female18,F
audio02286,male7,M,female18,F
audio02287,male10,M,male7,M
audio02288,female21,F,female22,F
audio02289,female18,F,male27,M
audio02290,male6,M,female19,F
audio02291,female26,F,male27,M
audio02292,female19,F,male6,M
audio02293,male10,M,male1,M
audio02294,female18,F,male25,M
audio02295,male7,M,female21,F
audio02296,female30,F,male7,M
audio02297,male25,M,female19,F
audio02298,male23,M,female30,F
audio02299,female21,F,female10,F
audio02300,female19,F,male10,M
audio02301,male25,M,female19,F
audio02302,female21,F,male23,M
audio02303,male14,M,female18,F
audio02304,male10,M,male7,M
audio02305,male27,M,female30,F
audio02306,male25,M,female22,F
audio02307,female30,F,male14,M
audio02308,male1,M,male14,M
audio02309,female19,F,female26,F
audio02310,female3,F,female10,F
audio02311,female22,F,female21,F
audio02312,female30,F,female18,F
audio02313,male25,M,male10,M
audio02314,male25,M,male14,M
audio02315,male27,M,female22,F
audio02316,female19,F,female3,F
audio02317,male10,M,male1,M
audio02318,female26,F,male7,M
audio02319,male1,M,female21,F
audio02320,male7,M,male23,M
audio02321,female22,F,female18,F
audio02322,male25,M,male23,M
audio02323,male14,M,female18,F
audio02324,female3,F,male6,M
audio02325,female22,F,male6,M
audio02326,male25,M,female19,F
audio02327,female30,F,female22,F
audio02328,male7,M,female19,F
audio02329,male1,M,male10,M
audio02330,female18,F,male27,M
audio02331,female21,F,male23,M
audio02332,female19,F,female30,F
audio02333,male1,M,male27,M
audio02334,female18,F,female19,F
audio02335,male10,M,female19,F
audio02336,female21,F,female22,F
audio02337,male6,M,female21,F
audio02338,male23,M,female26,F
audio02339,female30,F,female18,F
audio02340,female10,F,male25,M
audio02341,female30,F,female19,F
audio02342,female21,F,male1,M
audio02343,male27,M,female3,F
audio02344,male6,M,female22,F
audio02345,female10,F,male25,M
audio02346,male7,M,male6,M
audio02347,female18,F,female30,F
audio02348,male6,M,female10,F
audio02349,male27,M,male14,M
audio02350,female18,F,female19,F
audio02351,female19,F,male10,M
audio02352,female18,F,male25,M
audio02353,male27,M,male23,M
audio02354,male23,M,female19,F
audio02355,male25,M,female22,F
audio02356,male7,M,male10,M
audio02357,male25,M,male7,M
audio02358,female10,F,male6,M
audio02359,female19,F,female3,F
audio02360,female3,F,male7,M
audio02361,male25,M,female10,F
audio02362,female22,F,female30,F
audio02363,female3,F,male23,M
audio02364,female22,F,male6,M
audio02365,female21,F,male10,M
audio02366,female30,F,male6,M
audio02367,male23,M,female3,F
audio02368,female19,F,female26,F
audio02369,female19,F,female10,F
audio02370,female30,F,male25,M
audio02371,male25,M,female26,F
audio02372,male10,M,male7,M
audio02373,female21,F,female30,F
audio02374,female3,F,male23,M
audio02375,male10,M,female18,F
audio02376,female30,F,female3,F
audio02377,male23,M,female21,F
audio02378,female3,F,male14,M
audio02379,female21,F,male1,M
audio02380,male25,M,male1,M
audio02381,female18,F,male23,M
audio02382,male25,M,female19,F
audio02383,female18,F,male7,M
audio02384,male7,M,male14,M
audio02385,male10,M,female30,F
audio02386,male14,M,female10,F
audio02387,female30,F,female18,F
audio02388,male25,M,male10,M
audio02389,female21,F,female10,F
audio02390,female3,F,male27,M
audio02391,male1,M,female30,F
audio02392,male7,M,female3,F
audio02393,female10,F,male14,M
audio02394,male14,M,male10,M
audio02395,male25,M,female26,F
audio02396,male14,M,female3,F
audio02397,male23,M,female19,F
audio02398,male23,M,male25,M
audio02399,male14,M,female18,F
audio02400,male27,M,male6,M
audio02401,female18,F,male25,M
audio02402,male25,M,female21,F
audio02403,male1,M,male10,M
audio02404,male7,M,female10,F
audio02405,female19,F,female18,F
audio02406,male6,M,male14,M
audio02407,female10,F,male7,M
audio02408,female19,F,female18,F
audio02409,female18,F,male23,M
audio02410,female21,F,female19,F
audio02411,male23,M,female22,F
audio02412,female30,F,male1,M
audio02413,male25,M,female10,F
audio02414,male23,M,male6,M
audio02415,male25,M,male27,M
audio02416,male7,M,female19,F
audio02417,female19,F,male10,M
audio02418,female10,F,male10,M
audio02419,male7,M,male25,M
audio02420,female26,F,male7,M
audio02421,female10,F,male1,M
audio02422,female30,F,female21,F
audio02423,male25,M,female10,F
audio02424,male27,M,male23,M
audio02425,female30,F,male10,M
audio02426,male1,M,female18,F
audio02427,female10,F,female19,F
audio02428,male6,M,female19,F
audio02429,male1,M,female18,F
audio02430,female22,F,male6,M
audio02431,female18,F,female30,F
audio02432,male23,M,female30,F
audio02433,female10,F,male27,M
audio02434,female22,F,male1,M
audio02435,male27,M,female30,F
audio02436,male10,M,female22,F
audio02437,female3,F,female18,F
audio02438,female18,F,male10,M
audio02439,female10,F,female19,F
audio02440,male23,M,female18,F
audio02441,male23,M,female18,F
audio02442,male25,M,male23,M
audio02443,male7,M,female18,F
audio02444,male23,M,male6,M
audio02445,male1,M,female18,F
audio02446,male23,M,female30,F
audio02447,female19,F,male6,M
audio02448,male6,M,female30,F
audio02449,female19,F,male6,M
audio02450,female10,F,male25,M
audio02451,male1,M,male14,M
audio02452,male7,M,male25,M
audio02453,female18,F,female19,F
audio02454,female30,F,male1,M
audio02455,male14,M,female22,F
audio02456,male10,M,female30,F
audio02457,male25,M,female30,F
audio02458,female22,F,male7,M
audio02459,male27,M,female26,F
audio02460,male23,M,male27,M
audio02461,female18,F,male10,M
audio02462,male14,M,female18,F
audio02463,female19,F,female10,F
audio02464,male25,M,male23,M
audio02465,male10,M,female3,F
audio02466,female18,F,male10,M
audio02467,male7,M,female18,F
audio02468,male10,M,male14,M
audio02469,male25,M,female21,F
audio02470,female18,F,male7,M
audio02471,female21,F,male1,M
audio02472,male14,M,female19,F
audio02473,female21,F,female10,F
audio02474,male10,M,male23,M
audio02475,male6,M,female26,F
audio02476,male1,M,female19,F
audio02477,male25,M,female22,F
audio02478,male27,M,male14,M
audio02479,female18,F,male14,M
audio02480,female22,F,female26,F
audio02481,male10,M,male1,M
audio02482,male23,M,female18,F
audio02483,male27,M,male6,M
audio02484,male6,M,male25,M
audio02485,male1,M,female26,F
audio02486,male6,M,female18,F
audio02487,male1,M,female26,F
audio02488,male1,M,male25,M
audio02489,female22,F,female26,F
audio02490,female26,F,female18,F
audio02491,male7,M,male14,M
audio02492,female26,F,female30,F
audio02493,female21,F,female10,F
audio02494,female19,F,male6,M
audio02495,male27,M,male25,M
audio02496,male10,M,female3,F
audio02497,female18,F,male10,M
audio02498,male25,M,female26,F
audio02499,male10,M,female30,F
audio02500,male6,M,male1,M
audio02501,male10,M,female19,F
audio02502,male27,M,male7,M
audio02503,female30,F,female22,F
audio02504,male6,M,female10,F
audio02505,female26,F,male7,M
audio02506,male25,M,female26,F
audio02507,female30,F,male14,M
audio02508,male25,M,female22,F
audio02509,male10,M,male6,M
audio02510,female22,F,female30,F
audio02511,female26,F,male25,M
audio02512,female19,F,female10,F
audio02513,female30,F,male27,M
audio02514,male6,M,female22,F
audio02515,female22,F,female30,F
audio02516,male27,M,female10,F
audio02517,female30,F,female10,F
audio02518,female26,F,female22,F
audio02519,female26,F,male7,M
audio02520,male25,M,male6,M
audio02521,female30,F,male14,M
audio02522,male23,M,male10,M
audio02523,female21,F,male14,M
audio02524,male1,M,female3,F
audio02525,female21,F,male1,M
audio02526,female22,F,male7,M
audio02527,male27,M,male14,M
audio02528,male7,M,male6,M
audio02529,male23,M,male1,M
audio02530,female30,F,male1,M
audio02531,female30,F,male23,M
audio02532,male7,M,male1,M
audio02533,female21,F,male6,M
audio02534,male7,M,female26,F
audio02535,female19,F,female18,F
audio02536,female21,F,female26,F
audio02537,male25,M,female19,F
audio02538,female26,F,female18,F
audio02539,male25,M,female18,F
audio02540,female18,F,female22,F
audio02541,male7,M,male1,M
audio02542,male25,M,male10,M
audio02543,female19,F,male23,M
audio02544,male14,M,female21,F
audio02545,female30,F,female19,F
audio02546,male14,M,male27,M
audio02547,male25,M,male10,M
audio02548,male7,M,male27,M
audio02549,female18,F,male1,M
audio02550,female21,F,male1,M
audio02551,female30,F,female18,F
audio02552,female3,F,female19,F
audio02553,male1,M,female21,F
audio02554,female26,F,female19,F
audio02555,female3,F,male7,M
audio02556,male6,M,female22,F
audio02557,female19,F,male23,M
audio02558,female18,F,male23,M
audio02559,male27,M,male10,M
audio02560,female22,F,male6,M
audio02561,female19,F,female30,F
audio02562,female30,F,male25,M
audio02563,male1,M,male23,M
audio02564,female22,F,female3,F
audio02565,male23,M,female3,F
audio02566,male1,M,female19,F
audio02567,female26,F,female22,F
audio02568,female30,F,female19,F
audio02569,female10,F,male25,M
audio02570,male23,M,male25,M
audio02571,female18,F,female21,F
audio02572,female21,F,female19,F
audio02573,female30,F,male7,M
audio02574,male10,M,female22,F
audio02575,male23,M,female10,F
audio02576,female22,F,male1,M
audio02577,male23,M,female22,F
audio02578,male1,M,male23,M
audio02579,male25,M,male1,M
audio02580,male25,M,female19,F
audio02581,female22,F,female19,F
audio02582,male10,M,female30,F
audio02583,female18,F,female30,F
audio02584,male6,M,female30,F
audio02585,male7,M,female22,F
audio02586,male10,M,female21,F
audio02587,male10,M,female18,F
audio02588,male10,M,female21,F
audio02589,female18,F,female26,F
audio02590,female18,F,female30,F
audio02591,male7,M,male25,M
audio02592,male1,M,male10,M
audio02593,male27,M,female26,F
audio02594,male6,M,female22,F
audio02595,male6,M,female21,F
audio02596,female22,F,male6,M
audio02597,male23,M,female26,F
audio02598,male6,M,female19,F
audio02599,male6,M,male23,M
audio02600,female22,F,female19,F
audio02601,female19,F,female3,F
audio02602,female19,F,female21,F
audio02603,male10,M,male23,M
audio02604,female22,F,female30,F
audio02605,female18,F,male27,M
audio02606,male10,M,male6,M
audio02607,female3,F,female18,F
audio02608,male14,M,female26,F
audio02609,male25,M,male6,M
audio02610,female22,F,male1,M
audio02611,male25,M,male7,M
audio02612,male7,M,male23,M
audio02613,male7,M,female18,F
audio02614,male1,M,male25,M
audio02615,female22,F,male6,M
audio02616,female30,F,male7,M
audio02617,male14,M,female21,F
audio02618,female18,F,female30,F
audio02619,male10,M,male25,M
audio02620,male6,M,male25,M
audio02621,male6,M,male25,M
audio02622,female3,F,male23,M
audio02623,male23,M,male14,M
audio02624,male27,M,female21,F
audio02625,male6,M,male14,M
audio02626,female22,F,female30,F
audio02627,male23,M,female26,F
audio02628,male6,M,male25,M
audio02629,female26,F,male14,M
audio02630,female22,F,male10,M
audio02631,female21,F,female22,F
audio02632,female3,F,female21,F
audio02633,male25,M,female19,F
audio02634,female26,F,male6,M
audio02635,female30,F,male7,M
audio02636,female18,F,male14,M
audio02637,male7,M,male14,M
audio02638,male7,M,female22,F
audio02639,male14,M,female19,F
audio02640,female19,F,female30,F
audio02641,male14,M,male7,M
audio02642,female18,F,male1,M
audio02643,male14,M,female19,F
audio02644,male23,M,female19,F
audio02645,male14,M,male10,M
audio02646,male25,M,male14,M
audio02647,female26,F,female22,F
audio02648,female18,F,female19,F
audio02649,male27,M,female30,F
audio02650,male6,M,female30,F
audio02651,female19,F,male7,M
audio02652,female18,F,male1,M
audio02653,male1,M,female30,F
audio02654,female19,F,male10,M
audio02655,male7,M,male6,M
audio02656,male14,M,male6,M
audio02657,female10,F,male6,M
audio02658,male10,M,female26,F
audio02659,male27,M,male25,M
audio02660,male10,M,female22,F
audio02661,female18,F,male7,M
audio02662,female10,F,male7,M
audio02663,male10,M,male7,M
audio02664,female26,F,male10,M
audio02665,male25,M,female19,F
audio02666,male25,M,female26,F
audio02667,male7,M,female22,F
audio02668,female18,F,female19,F
audio02669,female18,F,male1,M
audio02670,female3,F,male6,M
audio02671,male27,M,female10,F
audio02672,male7,M,male10,M
audio02673,male23,M,male7,M
audio02674,male7,M,female10,F
audio02675,female10,F,female22,F
audio02676,female10,F,male27,M
audio02677,male23,M,female26,F
audio02678,male23,M,female22,F
audio02679,male10,M,female30,F
audio02680,male27,M,female26,F
audio02681,female19,F,female18,F
audio02682,female30,F,male23,M
audio02683,male23,M,male6,M
audio02684,female3,F,male6,M
audio02685,male25,M,female18,F
audio02686,female18,F,male25,M
audio02687,male1,M,male25,M
audio02688,male1,M,female19,F
audio02689,female22,F,male10,M
audio02690,female30,F,female3,F
audio02691,female18,F,female26,F
audio02692,male7,M,female10,F
audio02693,male14,M,male23,M
audio02694,female18,F,female19,F
audio02695,female26,F,male7,M
audio02696,female18,F,male6,M
audio02697,female21,F,female22,F
audio02698,male23,M,female21,F
audio02699,female10,F,male6,M
audio02700,female19,F,male10,M
audio02701,male25,M,male14,M
audio02702,female19,F,male23,M
audio02703,female3,F,female18,F
audio02704,female18,F,male27,M
audio02705,male1,M,male6,M
audio02706,female18,F,male14,M
audio02707,male25,M,male7,M
audio02708,male23,M,female26,F
audio02709,male14,M,female18,F
audio02710,female19,F,male7,M
audio02711,female10,F,female21,F
audio02712,female18,F,male7,M
audio02713,male10,M,male23,M
audio02714,female30,F,male25,M
audio02715,male6,M,male23,M
audio02716,female18,F,male23,M
audio02717,female21,F,female22,F
audio02718,female21,F,male10,M
audio02719,male7,M,female19,F
audio02720,female26,F,female19,F
audio02721,male14,M,female19,F
audio02722,male27,M,male1,M
audio02723,male6,M,female19,F
audio02724,male6,M,female18,F
audio02725,female18,F,male1,M
audio02726,male14,M,male27,M
audio02727,male23,M,female10,F
audio02728,female21,F,male6,M
audio02729,female19,F,female10,F
audio02730,male27,M,male25,M
audio02731,female21,F,male6,M
audio02732,female18,F,male6,M
audio02733,female26,F,female10,F
audio02734,female26,F,female18,F
audio02735,male6,M,female18,F
audio02736,male10,M,male7,M
audio02737,male27,M,female22,F
audio02738,male1,M,male6,M
audio02739,female3,F,male7,M
audio02740,male1,M,male25,M
audio02741,female26,F,male10,M
audio02742,female22,F,male10,M
audio02743,male25,M,female30,F
audio02744,female18,F,male7,M
audio02745,female21,F,female19,F
audio02746,male1,M,female21,F
audio02747,male6,M,male27,M
audio02748,female18,F,female19,F
audio02749,female22,F,male25,M
audio02750,male25,M,male10,M
audio02751,male14,M,male25,M
audio02752,female19,F,female21,F
audio02753,male27,M,male6,M
audio02754,male25,M,female19,F
audio02755,male27,M,male1,M
audio02756,female18,F,male14,M
audio02757,male25,M,male6,M
audio02758,female21,F,female22,F
audio02759,male25,M,female26,F
audio02760,female10,F,female21,F
audio02761,male23,M,female18,F
audio02762,male1,M,male27,M
audio02763,male10,M,male25,M
audio02764,male14,M,male25,M
audio02765,male1,M,female21,F
audio02766,female22,F,female30,F
audio02767,male27,M,female19,F
audio02768,male10,M,male14,M
audio02769,female18,F,male27,M
audio02770,female30,F,female19,F
audio02771,female3,F,female19,F
audio02772,male10,M,male7,M
audio02773,male23,M,male10,M
audio02774,female10,F,male7,M
audio02775,male7,M,female26,F
audio02776,male25,M,male7,M
audio02777,male10,M,female30,F
audio02778,male10,M,male23,M
audio02779,female30,F,female3,F
audio02780,female22,F,female30,F
audio02781,female10,F,female30,F
audio02782,female18,F,male10,M
audio02783,female3,F,male10,M
audio02784,female30,F,male14,M
audio02785,male23,M,female10,F
audio02786,female30,F,male6,M
audio02787,female22,F,male23,M
audio02788,female30,F,male1,M
audio02789,male27,M,male14,M
audio02790,male23,M,female22,F
audio02791,female18,F,male27,M
audio02792,male1,M,female19,F
audio02793,female21,F,male1,M
audio02794,male14,M,female18,F
audio02795,female21,F,female10,F
audio02796,female10,F,female30,F
audio02797,female21,F,female30,F
audio02798,female19,F,female22,F
audio02799,male27,M,female3,F
audio02800,male1,M,female22,F
audio02801,male7,M,male6,M
audio02802,male6,M,female19,F
audio02803,male6,M,female22,F
audio02804,male10,M,male14,M
audio02805,male23,M,male6,M
audio02806,female18,F,female3,F
audio02807,male1,M,male10,M
audio02808,male10,M,male1,M
audio02809,male23,M,male25,M
audio02810,female18,F,male7,M
audio02811,male23,M,male10,M
audio02812,female18,F,male1,M
audio02813,female3,F,female18,F
audio02814,male23,M,female18,F
audio02815,male14,M,male7,M
audio02816,female18,F,female26,F
audio02817,female30,F,male14,M
audio02818,female18,F,female3,F
audio02819,male25,M,female21,F
audio02820,female30,F,female18,F
audio02821,female21,F,male10,M
audio02822,male25,M,male6,M
audio02823,male7,M,female22,F
audio02824,female26,F,male10,M
audio02825,female30,F,female18,F
audio02826,female21,F,male25,M
audio02827,female22,F,male10,M
audio02828,male10,M,female19,F
audio02829,female18,F,female30,F
audio02830,female18,F,male7,M
audio02831,male25,M,male10,M
audio02832,female30,F,female3,F
audio02833,male7,M,female26,F
audio02834,female26,F,male10,M
audio02835,male1,M,male27,M
audio02836,female22,F,female19,F
audio02837,female18,F,female19,F
audio02838,male10,M,male27,M
audio02839,male7,M,female30,F
audio02840,male25,M,female21,F
audio02841,female18,F,female19,F
audio02842,female18,F,female26,F
audio02843,male23,M,male6,M
audio02844,female21,F,male1,M
audio02845,male10,M,male27,M
audio02846,male1,M,male7,M
audio02847,male7,M,female3,F
audio02848,female30,F,female10,F
audio02849,male27,M,female18,F
audio02850,female30,F,female19,F
audio02851,female26,F,male6,M
audio02852,male7,M,female22,F
audio02853,male1,M,male25,M
audio02854,male1,M,male25,M
audio02855,female10,F,female21,F
audio02856,female30,F,male23,M
audio02857,female22,F,female30,F
audio02858,male1,M,female26,F
audio02859,male14,M,female18,F
audio02860,male25,M,male7,M
audio02861,female19,F,male23,M
audio02862,male23,M,female21,F
audio02863,male10,M,female18,F
audio02864,male23,M,male6,M
audio02865,male10,M,female21,F
audio02866,female22,F,female21,F
audio02867,female3,F,male6,M
audio02868,female10,F,female22,F
audio02869,female18,F,male23,M
audio02870,male1,M,female21,F
audio02871,male7,M,female3,F
audio02872,male1,M,female18,F
audio02873,male1,M,male10,M
audio02874,female26,F,male7,M
audio02875,female10,F,female18,F
audio02876,female18,F,male10,M
audio02877,female21,F,male23,M
audio02878,male23,M,female18,F
audio02879,male1,M,female10,F
audio02880,male7,M,male27,M
audio02881,male25,M,female26,F
audio02882,female30,F,male25,M
audio02883,male1,M,female19,F
audio02884,male25,M,female30,F
audio02885,female30,F,male25,M
audio02886,female19,F,female30,F
audio02887,male14,M,male6,M
audio02888,male7,M,female18,F
audio02889,male14,M,female18,F
audio02890,male1,M,female19,F
audio02891,male10,M,female26,F
audio02892,female22,F,female26,F
audio02893,female3,F,female21,F
audio02894,male27,M,female26,F
audio02895,male7,M,female18,F
audio02896,male10,M,female26,F
audio02897,male1,M,female19,F
audio02898,male25,M,female3,F
audio02899,male23,M,female10,F
audio02900,male1,M,female18,F
audio02901,male14,M,female19,F
audio02902,female18,F,male25,M
audio02903,male25,M,female30,F
audio02904,male25,M,female21,F
audio02905,female3,F,female18,F
audio02906,female18,F,male7,M
audio02907,female18,F,female19,F
audio02908,male6,M,male25,M
audio02909,female19,F,female3,F
audio02910,male10,M,male14,M
audio02911,female18,F,female26,F
audio02912,female26,F,male25,M
audio02913,male25,M,female19,F
audio02914,female22,F,male1,M
audio02915,male14,M,male27,M
audio02916,female10,F,male27,M
audio02917,male1,M,female18,F
audio02918,female18,F,male27,M
audio02919,female26,F,male6,M
audio02920,male1,M,female19,F
audio02921,female26,F,female3,F
audio02922,female3,F,female18,F
audio02923,male14,M,male10,M
audio02924,male10,M,male7,M
audio02925,female21,F,male25,M
audio02926,female22,F,male1,M
audio02927,male10,M,male25,M
audio02928,male25,M,female19,F
audio02929,male27,M,female30,F
audio02930,female18,F,male1,M
audio02931,female3,F,female30,F
audio02932,female19,F,male10,M
audio02933,female19,F,male14,M
audio02934,male6,M,female10,F
audio02935,female21,F,male27,M
audio02936,male10,M,male1,M
audio02937,female21,F,male10,M
audio02938,male14,M,female18,F
audio02939,female30,F,female3,F
audio02940,female19,F,male1,M
audio02941,male14,M,female19,F
audio02942,female26,F,female10,F
audio02943,female22,F,male1,M
audio02944,female10,F,male1,M
audio02945,female22,F,male7,M
audio02946,female22,F,female18,F
audio02947,female19,F,male1,M
audio02948,female18,F,male6,M
audio02949,male7,M,male27,M
audio02950,male27,M,female26,F
audio02951,male25,M,male27,M
audio02952,male14,M,female30,F
audio02953,male14,M,male7,M
audio02954,male23,M,male10,M
audio02955,female18,F,female3,F
audio02956,female30,F,male23,M
audio02957,male27,M,female18,F
audio02958,male25,M,female30,F
audio02959,female3,F,female30,F
audio02960,female30,F,female10,F
audio02961,male25,M,female26,F
audio02962,female30,F,female19,F
audio02963,male6,M,male27,M
audio02964,female26,F,male23,M
audio02965,male1,M,male14,M
audio02966,female3,F,female19,F
audio02967,male14,M,female21,F
audio02968,female3,F,male6,M
audio02969,male10,M,male23,M
audio02970,male14,M,female22,F
audio02971,female22,F,male7,M
audio02972,male7,M,male23,M
audio02973,male25,M,female30,F
audio02974,male6,M,female21,F
audio02975,female26,F,male1,M
audio02976,female30,F,male1,M
audio02977,male14,M,male25,M
audio02978,female26,F,female19,F
audio02979,female22,F,male14,M
audio02980,female18,F,female30,F
audio02981,female10,F,female3,F
audio02982,female19,F,female22,F
audio02983,female22,F,female18,F
audio02984,male23,M,female21,F
audio02985,female30,F,female18,F
audio02986,male10,M,male6,M
audio02987,male27,M,female26,F
audio02988,male25,M,female3,F
audio02989,female30,F,female18,F
audio02990,male23,M,male1,M
audio02991,male23,M,female21,F
audio02992,female10,F,male25,M
audio02993,female3,F,female26,F
audio02994,male7,M,male25,M
audio02995,male27,M,female18,F
audio02996,male1,M,male25,M
audio02997,male6,M,female30,F
audio02998,female22,F,female19,F
audio02999,female18,F,female30,F
audio03000,male27,M,female30,F
audio03001,male23,M,male6,M
audio03002,female19,F,male23,M
audio03003,male1,M,female3,F
audio03004,female3,F,male27,M
audio03005,female30,F,female19,F
audio03006,male14,M,male10,M
audio03007,female26,F,male14,M
audio03008,female30,F,female18,F
audio03009,male10,M,female22,F
audio03010,male7,M,female21,F
audio03011,male6,M,male1,M
audio03012,male14,M,male6,M
audio03013,female22,F,female10,F
audio03014,female21,F,female26,F
audio03015,male6,M,male1,M
audio03016,male7,M,female19,F
audio03017,female18,F,female21,F
audio03018,female18,F,male1,M
audio03019,male6,M,female30,F
audio03020,male7,M,female22,F
audio03021,female22,F,female19,F
audio03022,female10,F,female30,F
audio03023,female22,F,male7,M
audio03024,female26,F,female19,F
audio03025,male10,M,female21,F
audio03026,male23,M,male14,M
audio03027,male1,M,male6,M
audio03028,female3,F,male6,M
audio03029,male27,M,female3,F
audio03030,female3,F,male14,M
audio03031,female18,F,male25,M
audio03032,male1,M,male23,M
audio03033,male6,M,female18,F
audio03034,male25,M,male1,M
audio03035,male25,M,male14,M
audio03036,male23,M,female22,F
audio03037,male7,M,male27,M
audio03038,male10,M,male25,M
audio03039,male14,M,male6,M
audio03040,female19,F,male27,M
audio03041,female21,F,female19,F
audio03042,male1,M,male6,M
audio03043,female18,F,male7,M
audio03044,male1,M,female26,F
audio03045,male25,M,male23,M
audio03046,male23,M,female10,F
audio03047,male1,M,female30,F
audio03048,female21,F,male6,M
audio03049,male10,M,male7,M
audio03050,female22,F,male14,M
audio03051,female26,F,male14,M
audio03052,female30,F,female26,F
audio03053,female18,F,female21,F
audio03054,male23,M,female18,F
audio03055,male27,M,male1,M
audio03056,male6,M,male25,M
audio03057,female22,F,male27,M
audio03058,female21,F,male6,M
audio03059,male25,M,female21,F
audio03060,male25,M,male7,M
audio03061,male23,M,male25,M
audio03062,male6,M,female22,F
audio03063,male25,M,female18,F
audio03064,female19,F,male1,M
audio03065,male25,M,male10,M
audio03066,female26,F,female18,F
audio03067,male25,M,female21,F
audio03068,male23,M,male1,M
audio03069,male23,M,female19,F
audio03070,male10,M,female21,F
audio03071,female30,F,female19,F
audio03072,male1,M,male25,M
audio03073,male14,M,male25,M
audio03074,female10,F,male6,M
audio03075,male6,M,female3,F
audio03076,male14,M,male7,M
audio03077,male10,M,male1,M
audio03078,male6,M,male1,M
audio03079,female26,F,male25,M
audio03080,male10,M,female10,F
audio03081,female22,F,female19,F
audio03082,male1,M,female22,F
audio03083,male14,M,male23,M
audio03084,female18,F,male1,M
audio03085,male7,M,female18,F
audio03086,female21,F,male6,M
audio03087,male1,M,female18,F
audio03088,male25,M,male6,M
audio03089,male23,M,male10,M
